# English lemma frequency list, top 5,000 — reference data for the F14 difficulty gate.
# Source: wordfreq "large_en" by Robyn Speer et al., https://github.com/rspeer/wordfreq, commit 912caf64b657478d1dff1138efdc078947d54bb1.
#   Read from: https://raw.githubusercontent.com/rspeer/wordfreq/912caf64b657478d1dff1138efdc078947d54bb1/wordfreq/data/large_en.msgpack.gz
# Licence: CC BY-SA 4.0 (https://creativecommons.org/licenses/by-sa/4.0/). This derived list is shared under the same licence.
# Lemmatised with wink-lemmatizer 3.0.4. Generated by `pnpm frequency:build` on 2026-09-27. Do not edit by hand.
rank	lemma	zipf
1	the	7.73
2	be	7.54
3	to	7.43
4	and	7.41
5	of	7.40
6	a	7.36
7	in	7.27
8	i	7.09
9	for	7.01
10	that	7.01
11	have	7.00
12	you	6.98
13	it	6.95
14	on	6.91
15	with	6.85
16	this	6.82
17	as	6.77
18	at	6.70
19	he	6.69
20	not	6.69
21	will	6.68
22	by	6.66
23	do	6.65
24	but	6.63
25	from	6.63
26	can	6.61
27	my	6.57
28	or	6.54
29	we	6.54
30	an	6.53
31	your	6.53
32	all	6.52
33	so	6.52
34	get	6.52
35	his	6.51
36	they	6.50
37	one	6.49
38	me	6.48
39	if	6.47
40	just	6.43
41	like	6.43
42	make	6.43
43	good	6.42
44	go	6.41
45	about	6.40
46	up	6.39
47	out	6.39
48	what	6.38
49	when	6.37
50	say	6.37
51	time	6.37
52	more	6.36
53	no	6.35
54	who	6.34
55	their	6.33
56	there	6.31
57	her	6.30
58	which	6.30
59	see	6.29
60	know	6.26
61	think	6.26
62	year	6.26
63	she	6.26
64	new	6.25
65	people	6.25
66	take	6.25
67	how	6.24
68	use	6.22
69	some	6.20
70	also	6.19
71	them	6.19
72	work	6.19
73	want	6.18
74	now	6.18
75	other	6.16
76	may	6.15
77	come	6.15
78	its	6.14
79	our	6.14
80	look	6.14
81	than	6.13
82	need	6.12
83	only	6.12
84	day	6.11
85	first	6.11
86	after	6.11
87	him	6.11
88	into	6.11
89	two	6.10
90	over	6.08
91	give	6.08
92	then	6.07
93	any	6.07
94	find	6.07
95	back	6.06
96	way	6.06
97	these	6.04
98	us	6.04
99	well	6.04
100	thing	6.03
101	because	6.03
102	right	6.03
103	even	6.02
104	state	6.00
105	most	6.00
106	much	6.00
107	very	6.00
108	where	6.00
109	man	6.00
110	should	5.99
111	here	5.97
112	really	5.97
113	being	5.96
114	great	5.96
115	too	5.95
116	call	5.95
117	play	5.94
118	show	5.94
119	off	5.93
120	why	5.93
121	before	5.93
122	love	5.92
123	still	5.92
124	tell	5.92
125	game	5.92
126	feel	5.91
127	many	5.91
128	never	5.91
129	long	5.91
130	those	5.90
131	start	5.90
132	leave	5.90
133	world	5.90
134	high	5.90
135	try	5.90
136	life	5.89
137	mean	5.89
138	down	5.89
139	live	5.88
140	last	5.88
141	help	5.88
142	through	5.87
143	part	5.86
144	while	5.86
145	place	5.85
146	home	5.84
147	such	5.84
148	include	5.84
149	keep	5.83
150	old	5.83
151	end	5.82
152	change	5.82
153	something	5.81
154	school	5.80
155	same	5.80
156	own	5.80
157	house	5.80
158	run	5.79
159	both	5.79
160	every	5.79
161	late	5.79
162	big	5.78
163	three	5.78
164	follow	5.78
165	woman	5.78
166	around	5.77
167	between	5.77
168	name	5.77
169	thank	5.76
170	always	5.76
171	team	5.75
172	put	5.75
173	little	5.75
174	since	5.75
175	point	5.75
176	win	5.74
177	company	5.74
178	another	5.74
179	family	5.74
180	talk	5.73
181	ask	5.73
182	under	5.73
183	during	5.72
184	become	5.72
185	number	5.72
186	week	5.71
187	service	5.71
188	group	5.71
189	guy	5.71
190	fuck	5.70
191	friend	5.70
192	bad	5.70
193	read	5.70
194	next	5.70
195	again	5.70
196	second	5.70
197	set	5.70
198	child	5.70
199	please	5.69
200	each	5.69
201	mr	5.69
202	without	5.69
203	open	5.69
204	lot	5.68
205	system	5.68
206	write	5.68
207	must	5.68
208	against	5.68
209	city	5.68
210	meet	5.68
211	move	5.67
212	sure	5.67
213	happen	5.67
214	case	5.67
215	let	5.67
216	support	5.67
217	pay	5.66
218	ever	5.66
219	base	5.66
220	lose	5.65
221	hold	5.65
222	stop	5.65
223	turn	5.64
224	free	5.64
225	money	5.64
226	country	5.64
227	night	5.64
228	head	5.64
229	hand	5.64
230	lead	5.64
231	post	5.64
232	build	5.63
233	area	5.63
234	book	5.63
235	hear	5.63
236	someone	5.63
237	order	5.63
238	plan	5.63
239	report	5.63
240	bring	5.63
241	believe	5.62
242	few	5.62
243	line	5.62
244	care	5.62
245	away	5.62
246	close	5.62
247	job	5.61
248	business	5.61
249	until	5.61
250	problem	5.61
251	hour	5.60
252	month	5.60
253	power	5.60
254	government	5.60
255	real	5.60
256	small	5.60
257	god	5.60
258	top	5.60
259	large	5.59
260	party	5.59
261	different	5.59
262	hard	5.59
263	watch	5.59
264	girl	5.59
265	kill	5.59
266	question	5.59
267	issue	5.58
268	face	5.58
269	interest	5.58
270	side	5.58
271	break	5.58
272	person	5.58
273	however	5.58
274	early	5.58
275	american	5.58
276	cause	5.58
277	member	5.57
278	result	5.57
279	story	5.57
280	public	5.57
281	low	5.57
282	law	5.56
283	water	5.56
284	word	5.56
285	seem	5.56
286	wait	5.56
287	provide	5.56
288	car	5.56
289	full	5.55
290	today	5.55
291	level	5.55
292	nothing	5.55
293	buy	5.55
294	already	5.55
295	anything	5.55
296	player	5.55
297	miss	5.55
298	understand	5.55
299	begin	5.55
300	force	5.54
301	enough	5.54
302	everything	5.54
303	yet	5.54
304	die	5.54
305	four	5.53
306	season	5.53
307	once	5.53
308	add	5.53
309	white	5.53
310	study	5.52
311	national	5.52
312	music	5.52
313	video	5.52
314	control	5.52
315	young	5.52
316	war	5.52
317	act	5.52
318	send	5.52
319	less	5.51
320	form	5.51
321	record	5.50
322	far	5.50
323	fall	5.50
324	kind	5.50
325	yes	5.50
326	though	5.50
327	learn	5.50
328	shit	5.49
329	fact	5.49
330	actually	5.49
331	hit	5.49
332	light	5.49
333	program	5.49
334	reason	5.49
335	black	5.49
336	course	5.48
337	kid	5.48
338	deal	5.48
339	body	5.48
340	continue	5.48
341	stay	5.48
342	mind	5.48
343	hope	5.48
344	general	5.48
345	market	5.48
346	term	5.48
347	minute	5.48
348	fight	5.48
349	train	5.48
350	idea	5.47
351	allow	5.47
352	matter	5.47
353	everyone	5.47
354	united	5.47
355	president	5.47
356	share	5.47
357	return	5.46
358	drive	5.46
359	class	5.46
360	shoot	5.46
361	whole	5.46
362	together	5.46
363	stand	5.46
364	age	5.46
365	court	5.46
366	single	5.46
367	check	5.46
368	death	5.45
369	create	5.45
370	list	5.45
371	speak	5.45
372	five	5.45
373	student	5.45
374	room	5.45
375	maybe	5.45
376	per	5.45
377	office	5.45
378	offer	5.45
379	local	5.45
380	test	5.45
381	remember	5.44
382	increase	5.44
383	eye	5.44
384	grow	5.44
385	food	5.44
386	fire	5.44
387	health	5.44
388	news	5.44
389	important	5.44
390	least	5.44
391	within	5.44
392	experience	5.44
393	consider	5.44
394	event	5.43
395	design	5.43
396	cost	5.43
397	date	5.43
398	community	5.43
399	bite	5.43
400	release	5.43
401	receive	5.43
402	information	5.43
403	able	5.43
404	oh	5.43
405	university	5.43
406	sign	5.43
407	type	5.43
408	price	5.42
409	sell	5.42
410	human	5.42
411	social	5.42
412	ago	5.42
413	others	5.42
414	star	5.42
415	easy	5.42
416	walk	5.42
417	spend	5.41
418	million	5.41
419	half	5.41
420	often	5.41
421	sound	5.41
422	vote	5.41
423	boy	5.41
424	research	5.41
425	view	5.41
426	true	5.40
427	air	5.40
428	south	5.40
429	song	5.40
430	history	5.40
431	eat	5.40
432	wrong	5.40
433	process	5.40
434	cover	5.40
435	john	5.39
436	short	5.39
437	almost	5.39
438	several	5.39
439	present	5.39
440	art	5.39
441	project	5.39
442	action	5.39
443	pretty	5.39
444	cut	5.39
445	nice	5.38
446	account	5.38
447	medium	5.38
448	rule	5.38
449	along	5.38
450	anyone	5.38
451	else	5.38
452	happy	5.38
453	note	5.38
454	street	5.37
455	save	5.37
456	york	5.37
457	probably	5.37
458	yeah	5.37
459	land	5.37
460	heart	5.36
461	lie	5.36
462	international	5.36
463	phone	5.36
464	past	5.36
465	possible	5.36
466	film	5.36
467	example	5.36
468	expect	5.36
469	claim	5.36
470	due	5.35
471	bear	5.35
472	require	5.35
473	picture	5.35
474	series	5.35
475	attack	5.35
476	special	5.35
477	son	5.35
478	appear	5.35
479	site	5.34
480	development	5.34
481	future	5.34
482	answer	5.34
483	north	5.34
484	data	5.34
485	police	5.34
486	final	5.34
487	red	5.34
488	morning	5.34
489	field	5.34
490	pick	5.34
491	third	5.34
492	bank	5.34
493	position	5.34
494	source	5.33
495	moment	5.33
496	remain	5.33
497	chance	5.33
498	clear	5.33
499	strong	5.33
500	near	5.33
501	step	5.33
502	rate	5.33
503	either	5.33
504	sit	5.33
505	yourself	5.33
506	decide	5.32
507	baby	5.32
508	road	5.32
509	charge	5.32
510	rather	5.32
511	soon	5.32
512	whether	5.32
513	feature	5.32
514	model	5.32
515	drink	5.32
516	parent	5.32
517	major	5.32
518	board	5.31
519	movie	5.31
520	further	5.31
521	character	5.31
522	among	5.31
523	myself	5.31
524	park	5.31
525	college	5.31
526	goal	5.31
527	wear	5.31
528	sale	5.31
529	serve	5.30
530	reach	5.30
531	value	5.30
532	figure	5.30
533	fast	5.30
534	complete	5.30
535	fun	5.30
536	trade	5.30
537	although	5.30
538	accord	5.30
539	policy	5.30
540	develop	5.30
541	product	5.30
542	town	5.30
543	involve	5.29
544	march	5.29
545	enjoy	5.29
546	match	5.29
547	front	5.29
548	finish	5.29
549	six	5.29
550	west	5.29
551	behind	5.29
552	mother	5.29
553	review	5.29
554	father	5.29
555	gonna	5.29
556	non	5.29
557	political	5.29
558	quite	5.29
559	drop	5.29
560	space	5.29
561	carry	5.29
562	join	5.29
563	link	5.29
564	forget	5.29
565	limit	5.29
566	fine	5.28
567	wish	5.28
568	fan	5.28
569	club	5.28
570	center	5.28
571	ready	5.28
572	education	5.28
573	former	5.28
574	current	5.28
575	available	5.28
576	sometimes	5.28
577	relationship	5.28
578	couple	5.28
579	visit	5.28
580	tax	5.28
581	london	5.27
582	dog	5.27
583	official	5.27
584	rest	5.27
585	department	5.27
586	effect	5.27
587	mark	5.26
588	period	5.26
589	fund	5.26
590	rise	5.26
591	choose	5.26
592	wife	5.26
593	bill	5.26
594	officer	5.26
595	agree	5.26
596	industry	5.26
597	brother	5.26
598	listen	5.26
599	self	5.26
600	condition	5.26
601	race	5.25
602	describe	5.25
603	produce	5.25
604	catch	5.25
605	outside	5.25
606	draw	5.25
607	across	5.25
608	himself	5.25
609	foot	5.25
610	main	5.25
611	security	5.25
612	summer	5.24
613	decision	5.24
614	focus	5.24
615	page	5.24
616	article	5.24
617	dr	5.24
618	instead	5.24
619	king	5.24
620	property	5.24
621	energy	5.24
622	common	5.24
623	press	5.24
624	county	5.24
625	role	5.24
626	round	5.24
627	total	5.23
628	cool	5.23
629	america	5.23
630	size	5.23
631	de	5.23
632	re	5.23
633	sense	5.23
634	director	5.23
635	sex	5.23
636	sleep	5.23
637	comment	5.23
638	card	5.23
639	standard	5.22
640	practice	5.22
641	store	5.22
642	relate	5.22
643	beautiful	5.22
644	election	5.22
645	travel	5.22
646	amount	5.22
647	individual	5.22
648	ship	5.22
649	title	5.22
650	performance	5.21
651	range	5.21
652	mine	5.21
653	raise	5.21
654	guess	5.21
655	church	5.21
656	piece	5.21
657	trust	5.21
658	june	5.21
659	co	5.21
660	especially	5.21
661	similar	5.21
662	beat	5.21
663	perfect	5.21
664	average	5.21
665	concern	5.21
666	photo	5.21
667	arm	5.20
668	style	5.20
669	score	5.20
670	society	5.20
671	explain	5.20
672	exist	5.20
673	grind	5.20
674	track	5.20
675	military	5.20
676	personal	5.20
677	throw	5.20
678	above	5.20
679	likely	5.20
680	st	5.20
681	tv	5.20
682	paper	5.20
683	key	5.20
684	blue	5.20
685	operation	5.20
686	publish	5.20
687	hot	5.19
688	science	5.19
689	inside	5.19
690	teach	5.19
691	sport	5.19
692	private	5.19
693	dead	5.19
694	detail	5.19
695	english	5.19
696	april	5.19
697	door	5.19
698	online	5.19
699	wall	5.19
700	pass	5.19
701	activity	5.19
702	leader	5.19
703	enter	5.19
704	stage	5.18
705	suggest	5.18
706	situation	5.18
707	image	5.18
708	language	5.18
709	middle	5.18
710	award	5.18
711	stuff	5.18
712	sorry	5.18
713	british	5.18
714	cross	5.18
715	jam	5.18
716	material	5.17
717	gold	5.17
718	choice	5.17
719	box	5.17
720	unit	5.17
721	july	5.17
722	original	5.17
723	finally	5.17
724	voice	5.17
725	attempt	5.17
726	shop	5.17
727	plant	5.17
728	production	5.17
729	apply	5.16
730	loss	5.16
731	pull	5.16
732	fly	5.16
733	fail	5.16
734	green	5.16
735	wonder	5.16
736	east	5.16
737	medical	5.16
738	worth	5.16
739	al	5.16
740	alone	5.16
741	certain	5.16
742	themselves	5.16
743	technology	5.16
744	ball	5.16
745	benefit	5.16
746	hate	5.16
747	league	5.15
748	network	5.15
749	cup	5.15
750	forward	5.15
751	effort	5.15
752	message	5.15
753	evidence	5.15
754	september	5.15
755	exactly	5.15
756	usually	5.15
757	protect	5.15
758	chief	5.15
759	risk	5.15
760	quality	5.15
761	accept	5.15
762	patient	5.15
763	version	5.15
764	marry	5.15
765	rock	5.15
766	worry	5.14
767	gun	5.14
768	station	5.14
769	mention	5.14
770	perform	5.14
771	mom	5.14
772	nation	5.14
773	mile	5.14
774	clean	5.14
775	website	5.14
776	hospital	5.14
777	deep	5.14
778	lord	5.14
779	ok	5.14
780	whatever	5.14
781	challenge	5.14
782	treat	5.14
783	union	5.14
784	letter	5.14
785	dream	5.14
786	daughter	5.14
787	remove	5.13
788	block	5.13
789	fit	5.13
790	judge	5.13
791	difference	5.13
792	david	5.13
793	code	5.13
794	bed	5.13
795	drug	5.13
796	management	5.13
797	federal	5.13
798	oil	5.13
799	contain	5.13
800	notice	5.13
801	safe	5.13
802	island	5.13
803	region	5.13
804	animal	5.13
805	lady	5.12
806	direct	5.12
807	table	5.12
808	coach	5.12
809	minister	5.12
810	approach	5.12
811	damn	5.12
812	respect	5.12
813	prove	5.12
814	england	5.12
815	central	5.12
816	hey	5.12
817	uk	5.12
818	upon	5.12
819	various	5.12
820	simple	5.12
821	improve	5.12
822	scene	5.12
823	surprise	5.12
824	teacher	5.12
825	search	5.12
826	compare	5.12
827	cell	5.12
828	district	5.11
829	organization	5.11
830	poor	5.11
831	opportunity	5.11
832	reduce	5.11
833	stick	5.11
834	attention	5.11
835	career	5.11
836	professional	5.11
837	color	5.11
838	football	5.11
839	natural	5.11
840	blood	5.11
841	council	5.11
842	october	5.11
843	cannot	5.11
844	gain	5.11
845	dance	5.11
846	european	5.11
847	staff	5.11
848	touch	5.11
849	file	5.10
850	river	5.10
851	sort	5.10
852	hell	5.10
853	credit	5.10
854	response	5.10
855	push	5.10
856	hair	5.10
857	china	5.10
858	manage	5.10
859	august	5.10
860	november	5.10
861	amazing	5.10
862	economic	5.10
863	itself	5.10
864	serious	5.10
865	statement	5.10
866	century	5.10
867	damage	5.10
868	engineer	5.10
869	announce	5.10
870	contact	5.10
871	culture	5.10
872	represent	5.10
873	bar	5.10
874	address	5.09
875	contract	5.09
876	text	5.09
877	establish	5.09
878	female	5.09
879	operate	5.09
880	author	5.09
881	section	5.09
882	access	5.09
883	sea	5.09
884	seek	5.09
885	subject	5.09
886	french	5.09
887	entire	5.09
888	january	5.09
889	perhaps	5.09
890	army	5.09
891	campaign	5.09
892	manager	5.09
893	michael	5.09
894	fix	5.09
895	dark	5.09
896	double	5.09
897	seven	5.09
898	tour	5.09
899	degree	5.09
900	demand	5.08
901	realize	5.08
902	measure	5.08
903	crazy	5.08
904	super	5.08
905	success	5.08
906	washington	5.08
907	episode	5.08
908	currently	5.08
909	financial	5.08
910	foreign	5.08
911	legal	5.08
912	simply	5.08
913	album	5.08
914	ten	5.08
915	hurt	5.08
916	tree	5.08
917	roll	5.08
918	suppose	5.07
919	daily	5.07
920	speed	5.07
921	population	5.07
922	supply	5.07
923	weight	5.07
924	modern	5.07
925	december	5.07
926	difficult	5.07
927	popular	5.07
928	whose	5.07
929	associate	5.07
930	truth	5.07
931	spot	5.07
932	russian	5.07
933	fear	5.07
934	prepare	5.07
935	welcome	5.07
936	count	5.07
937	earth	5.06
938	application	5.06
939	pas	5.06
940	content	5.06
941	sister	5.06
942	worker	5.06
943	laugh	5.06
944	movement	5.06
945	doctor	5.06
946	window	5.06
947	sir	5.06
948	advance	5.06
949	internet	5.06
950	pain	5.06
951	huge	5.06
952	okay	5.06
953	pressure	5.06
954	australia	5.06
955	towards	5.06
956	computer	5.06
957	treatment	5.06
958	fill	5.06
959	option	5.06
960	burn	5.06
961	master	5.06
962	seat	5.06
963	conference	5.05
964	arrive	5.05
965	brown	5.05
966	promise	5.05
967	association	5.05
968	opinion	5.05
969	fish	5.05
970	owner	5.05
971	george	5.05
972	below	5.05
973	la	5.05
974	lol	5.05
975	user	5.05
976	target	5.05
977	funny	5.05
978	mix	5.05
979	handle	5.05
980	partner	5.05
981	method	5.05
982	committee	5.04
983	cold	5.04
984	straight	5.04
985	specific	5.04
986	wide	5.04
987	machine	5.04
988	stock	5.04
989	india	5.04
990	gas	5.04
991	artist	5.04
992	dress	5.04
993	percent	5.04
994	murder	5.04
995	update	5.04
996	recent	5.04
997	europe	5.04
998	wanna	5.04
999	interview	5.04
1000	refer	5.04
1001	lack	5.04
1002	launch	5.04
1003	wind	5.04
1004	strike	5.04
1005	battle	5.04
1006	agency	5.04
1007	band	5.04
1008	affect	5.04
1009	purpose	5.04
1010	addition	5.04
1011	host	5.03
1012	growth	5.03
1013	paul	5.03
1014	ability	5.03
1015	collection	5.03
1016	tonight	5.03
1017	authority	5.03
1018	etc	5.03
1019	february	5.03
1020	shall	5.03
1021	structure	5.03
1022	quick	5.03
1023	grant	5.03
1024	ice	5.03
1025	capital	5.03
1026	ass	5.03
1027	feed	5.03
1028	husband	5.03
1029	resource	5.02
1030	except	5.02
1031	hotel	5.02
1032	radio	5.02
1033	spring	5.02
1034	eight	5.02
1035	purchase	5.02
1036	centre	5.02
1037	tomorrow	5.02
1038	regard	5.02
1039	german	5.02
1040	peace	5.02
1041	ii	5.02
1042	recently	5.02
1043	via	5.02
1044	crime	5.02
1045	request	5.02
1046	favorite	5.02
1047	secret	5.02
1048	potential	5.02
1049	function	5.02
1050	western	5.01
1051	fair	5.01
1052	reveal	5.01
1053	normal	5.01
1054	kick	5.01
1055	thousand	5.01
1056	anti	5.01
1057	heat	5.01
1058	trip	5.01
1059	sing	5.01
1060	chinese	5.01
1061	disease	5.01
1062	ahead	5.01
1063	direction	5.01
1064	adult	5.01
1065	suffer	5.01
1066	determine	5.01
1067	particular	5.01
1068	brand	5.01
1069	location	5.01
1070	impact	5.00
1071	customer	5.00
1072	floor	5.00
1073	solution	5.00
1074	avoid	5.00
1075	heavy	5.00
1076	imagine	5.00
1077	hide	5.00
1078	screen	5.00
1079	positive	5.00
1080	california	5.00
1081	agent	5.00
1082	certainly	5.00
1083	completely	5.00
1084	despite	5.00
1085	hi	5.00
1086	nearly	5.00
1087	previous	5.00
1088	quickly	5.00
1089	paint	5.00
1090	extra	5.00
1091	discuss	5.00
1092	cry	5.00
1093	brain	5.00
1094	christian	5.00
1095	vehicle	5.00
1096	dollar	5.00
1097	commission	5.00
1098	indian	5.00
1099	occur	4.99
1100	ring	4.99
1101	justice	4.99
1102	income	4.99
1103	hop	4.99
1104	jesus	4.99
1105	throughout	4.99
1106	channel	4.99
1107	sun	4.99
1108	item	4.99
1109	copy	4.99
1110	pop	4.99
1111	deliver	4.99
1112	introduce	4.99
1113	nature	4.98
1114	weekend	4.98
1115	hang	4.98
1116	employee	4.98
1117	memory	4.98
1118	separate	4.98
1119	camera	4.98
1120	maintain	4.98
1121	absolutely	4.98
1122	additional	4.98
1123	beyond	4.98
1124	immediately	4.98
1125	significant	4.98
1126	unless	4.98
1127	construction	4.98
1128	blow	4.98
1129	identify	4.98
1130	waste	4.98
1131	rich	4.98
1132	trial	4.98
1133	hill	4.98
1134	prevent	4.98
1135	express	4.98
1136	map	4.98
1137	ride	4.98
1138	pro	4.98
1139	slow	4.97
1140	male	4.97
1141	friday	4.97
1142	safety	4.97
1143	canada	4.97
1144	dad	4.97
1145	san	4.97
1146	doubt	4.97
1147	connect	4.97
1148	gift	4.97
1149	glass	4.97
1150	beach	4.97
1151	excite	4.97
1152	driver	4.97
1153	leg	4.97
1154	theory	4.97
1155	factor	4.97
1156	secretary	4.97
1157	france	4.96
1158	wow	4.96
1159	hundred	4.96
1160	replace	4.96
1161	transfer	4.96
1162	engine	4.96
1163	shape	4.96
1164	regular	4.96
1165	knowledge	4.96
1166	skin	4.96
1167	definitely	4.96
1168	particularly	4.96
1169	bag	4.96
1170	smoke	4.96
1171	jump	4.96
1172	weapon	4.96
1173	print	4.96
1174	http	4.96
1175	destroy	4.96
1176	senior	4.96
1177	cent	4.96
1178	influence	4.96
1179	wake	4.96
1180	discover	4.96
1181	defense	4.96
1182	cook	4.96
1183	sweet	4.95
1184	winner	4.95
1185	mission	4.95
1186	steal	4.95
1187	commercial	4.95
1188	nobody	4.95
1189	cat	4.95
1190	plus	4.95
1191	australian	4.95
1192	marriage	4.95
1193	generally	4.95
1194	global	4.95
1195	gotta	4.95
1196	pre	4.95
1197	cancer	4.95
1198	tie	4.95
1199	agreement	4.95
1200	camp	4.95
1201	stone	4.95
1202	stupid	4.95
1203	trump	4.95
1204	sunday	4.95
1205	depend	4.95
1206	flight	4.95
1207	attend	4.95
1208	wood	4.95
1209	reference	4.95
1210	competition	4.94
1211	farm	4.94
1212	document	4.94
1213	majority	4.94
1214	grade	4.94
1215	investment	4.94
1216	arrest	4.94
1217	professor	4.94
1218	exchange	4.94
1219	annual	4.94
1220	independent	4.94
1221	insurance	4.94
1222	administration	4.94
1223	firm	4.94
1224	anymore	4.94
1225	physical	4.94
1226	seriously	4.94
1227	successful	4.94
1228	communication	4.94
1229	mistake	4.94
1230	pack	4.94
1231	schedule	4.94
1232	earn	4.94
1233	extend	4.94
1234	library	4.94
1235	horse	4.93
1236	conduct	4.93
1237	cash	4.93
1238	device	4.93
1239	generation	4.93
1240	facility	4.93
1241	active	4.93
1242	division	4.93
1243	mountain	4.93
1244	struggle	4.93
1245	garden	4.93
1246	robert	4.93
1247	russia	4.93
1248	skill	4.93
1249	none	4.93
1250	collect	4.93
1251	civil	4.93
1252	load	4.93
1253	spread	4.93
1254	scale	4.93
1255	gay	4.93
1256	executive	4.93
1257	aid	4.93
1258	assume	4.93
1259	environment	4.93
1260	select	4.93
1261	multiple	4.93
1262	writer	4.93
1263	locate	4.93
1264	basic	4.93
1265	mass	4.92
1266	admit	4.92
1267	queen	4.92
1268	confirm	4.92
1269	awesome	4.92
1270	estimate	4.92
1271	africa	4.92
1272	clearly	4.92
1273	balance	4.92
1274	click	4.92
1275	grand	4.92
1276	captain	4.92
1277	bird	4.92
1278	loan	4.92
1279	trouble	4.92
1280	session	4.92
1281	guide	4.92
1282	injury	4.92
1283	winter	4.92
1284	rank	4.92
1285	reality	4.92
1286	guard	4.92
1287	ticket	4.91
1288	suit	4.91
1289	joke	4.91
1290	candidate	4.91
1291	economy	4.91
1292	tip	4.91
1293	recommend	4.91
1294	republican	4.91
1295	yesterday	4.91
1296	surface	4.91
1297	christmas	4.91
1298	lake	4.91
1299	necessary	4.91
1300	luck	4.91
1301	analysis	4.91
1302	anyway	4.91
1303	easily	4.91
1304	literally	4.91
1305	thus	4.91
1306	hall	4.91
1307	cast	4.91
1308	achieve	4.91
1309	peter	4.91
1310	village	4.91
1311	soul	4.91
1312	argue	4.91
1313	overall	4.91
1314	congress	4.91
1315	traffic	4.90
1316	smart	4.90
1317	spirit	4.90
1318	distance	4.90
1319	germany	4.90
1320	glad	4.90
1321	refuse	4.90
1322	directly	4.90
1323	facebook	4.90
1324	speech	4.90
1325	soldier	4.90
1326	smith	4.90
1327	bus	4.90
1328	appeal	4.90
1329	element	4.90
1330	primary	4.90
1331	bet	4.90
1332	dry	4.90
1333	connection	4.89
1334	deserve	4.89
1335	register	4.89
1336	fat	4.89
1337	japan	4.89
1338	saturday	4.89
1339	airport	4.89
1340	effective	4.89
1341	fully	4.89
1342	highly	4.89
1343	mrs	4.89
1344	texas	4.89
1345	recognize	4.89
1346	square	4.89
1347	commit	4.89
1348	coast	4.89
1349	weather	4.89
1350	profile	4.89
1351	concept	4.89
1352	citizen	4.89
1353	sick	4.89
1354	holy	4.89
1355	fashion	4.88
1356	freedom	4.88
1357	equipment	4.88
1358	advice	4.88
1359	tool	4.88
1360	conversation	4.88
1361	royal	4.88
1362	stress	4.88
1363	payment	4.88
1364	eventually	4.88
1365	otherwise	4.88
1366	responsible	4.88
1367	william	4.88
1368	complex	4.88
1369	promote	4.88
1370	tear	4.88
1371	pair	4.88
1372	champion	4.88
1373	enemy	4.88
1374	taste	4.88
1375	google	4.88
1376	protection	4.88
1377	nine	4.88
1378	metal	4.88
1379	tire	4.87
1380	status	4.87
1381	mouth	4.87
1382	profit	4.87
1383	combine	4.87
1384	correct	4.87
1385	rat	4.87
1386	strategy	4.87
1387	warm	4.87
1388	budget	4.87
1389	display	4.87
1390	muslim	4.87
1391	flow	4.87
1392	wave	4.87
1393	stream	4.87
1394	aim	4.87
1395	politics	4.87
1396	therefore	4.87
1397	truly	4.87
1398	flower	4.87
1399	indicate	4.87
1400	foundation	4.87
1401	bridge	4.87
1402	lock	4.87
1403	estate	4.87
1404	bottom	4.87
1405	appreciate	4.87
1406	cheap	4.87
1407	coffee	4.87
1408	dude	4.87
1409	wed	4.87
1410	volume	4.87
1411	advantage	4.86
1412	smile	4.86
1413	define	4.86
1414	obama	4.86
1415	ban	4.86
1416	victim	4.86
1417	object	4.86
1418	investigation	4.86
1419	app	4.86
1420	reserve	4.86
1421	edge	4.86
1422	border	4.86
1423	duty	4.86
1424	honor	4.86
1425	command	4.86
1426	switch	4.86
1427	engage	4.86
1428	african	4.86
1429	mobile	4.86
1430	institute	4.86
1431	sad	4.86
1432	quote	4.85
1433	wing	4.85
1434	jack	4.85
1435	lawyer	4.85
1436	boat	4.85
1437	prior	4.85
1438	decade	4.85
1439	reaction	4.85
1440	finance	4.85
1441	hero	4.85
1442	hire	4.85
1443	northern	4.85
1444	actual	4.85
1445	powerful	4.85
1446	religious	4.85
1447	species	4.85
1448	vs	4.85
1449	whom	4.85
1450	wonderful	4.85
1451	propose	4.85
1452	healthy	4.85
1453	secure	4.85
1454	zone	4.85
1455	bomb	4.85
1456	intend	4.85
1457	progress	4.85
1458	criminal	4.85
1459	responsibility	4.85
1460	discussion	4.85
1461	representative	4.85
1462	quarter	4.85
1463	edition	4.85
1464	respond	4.85
1465	warn	4.84
1466	prison	4.84
1467	strength	4.84
1468	encourage	4.84
1469	signal	4.84
1470	actor	4.84
1471	restaurant	4.84
1472	exercise	4.84
1473	corner	4.84
1474	email	4.84
1475	yard	4.84
1476	expert	4.84
1477	hole	4.84
1478	thomas	4.84
1479	fresh	4.84
1480	everybody	4.84
1481	famous	4.84
1482	southern	4.84
1483	traditional	4.84
1484	twice	4.84
1485	celebrate	4.84
1486	tom	4.84
1487	shut	4.84
1488	survive	4.83
1489	wild	4.83
1490	crowd	4.83
1491	fourth	4.83
1492	escape	4.83
1493	twitter	4.83
1494	sentence	4.83
1495	weird	4.83
1496	faith	4.83
1497	chicago	4.83
1498	resident	4.83
1499	critical	4.83
1500	digital	4.83
1501	mental	4.83
1502	mostly	4.83
1503	previously	4.83
1504	totally	4.83
1505	tough	4.83
1506	ensure	4.83
1507	journal	4.83
1508	length	4.83
1509	relation	4.83
1510	port	4.83
1511	hat	4.83
1512	net	4.83
1513	plane	4.83
1514	witness	4.82
1515	affair	4.82
1516	magazine	4.82
1517	apple	4.82
1518	prefer	4.82
1519	inspire	4.82
1520	shift	4.82
1521	invite	4.82
1522	fee	4.82
1523	bitch	4.82
1524	desire	4.82
1525	boss	4.82
1526	louis	4.82
1527	mid	4.82
1528	paris	4.82
1529	sexual	4.82
1530	theme	4.82
1531	rain	4.82
1532	survey	4.82
1533	accident	4.82
1534	fuel	4.82
1535	obtain	4.82
1536	bond	4.82
1537	task	4.82
1538	billion	4.82
1539	monday	4.82
1540	prime	4.82
1541	silver	4.81
1542	variety	4.81
1543	suck	4.81
1544	background	4.81
1545	argument	4.81
1546	temperature	4.81
1547	capture	4.81
1548	abuse	4.81
1549	birth	4.81
1550	japanese	4.81
1551	basis	4.81
1552	chris	4.81
1553	ex	4.81
1554	shoe	4.81
1555	strange	4.81
1556	pattern	4.81
1557	guest	4.81
1558	license	4.81
1559	defend	4.81
1560	audience	4.81
1561	fellow	4.81
1562	negative	4.81
1563	finger	4.81
1564	van	4.81
1565	sample	4.81
1566	contribute	4.81
1567	download	4.81
1568	mail	4.80
1569	ignore	4.80
1570	institution	4.80
1571	dinner	4.80
1572	mike	4.80
1573	shock	4.80
1574	deny	4.80
1575	somebody	4.80
1576	hunt	4.80
1577	reply	4.80
1578	senate	4.80
1579	chairman	4.80
1580	apparently	4.80
1581	obviously	4.80
1582	religion	4.80
1583	rid	4.80
1584	forest	4.80
1585	television	4.80
1586	surround	4.80
1587	client	4.80
1588	belong	4.80
1589	blog	4.80
1590	chair	4.80
1591	holiday	4.80
1592	till	4.79
1593	bowl	4.79
1594	route	4.79
1595	platform	4.79
1596	failure	4.79
1597	alternative	4.79
1598	conflict	4.79
1599	giant	4.79
1600	manufacture	4.79
1601	dear	4.79
1602	description	4.79
1603	truck	4.79
1604	debate	4.79
1605	technique	4.79
1606	requirement	4.79
1607	christ	4.79
1608	kiss	4.79
1609	path	4.79
1610	blame	4.79
1611	edit	4.79
1612	usa	4.79
1613	dangerous	4.79
1614	ed	4.79
1615	extremely	4.79
1616	indeed	4.79
1617	richard	4.79
1618	cycle	4.79
1619	graduate	4.79
1620	proud	4.79
1621	lift	4.79
1622	fifth	4.79
1623	transport	4.79
1624	appearance	4.79
1625	wine	4.79
1626	rare	4.79
1627	mary	4.79
1628	egg	4.79
1629	joe	4.79
1630	consumer	4.78
1631	labor	4.78
1632	crash	4.78
1633	sky	4.78
1634	nurse	4.78
1635	birthday	4.78
1636	settle	4.78
1637	approve	4.78
1638	victory	4.78
1639	classic	4.78
1640	repeat	4.78
1641	flat	4.78
1642	eastern	4.78
1643	lucky	4.78
1644	youth	4.78
1645	chain	4.78
1646	impossible	4.78
1647	pound	4.78
1648	apart	4.78
1649	aware	4.78
1650	herself	4.78
1651	los	4.78
1652	nor	4.78
1653	remind	4.78
1654	expand	4.78
1655	ray	4.78
1656	frame	4.78
1657	busy	4.78
1658	festival	4.78
1659	governor	4.78
1660	medicine	4.78
1661	shirt	4.77
1662	attorney	4.77
1663	liberal	4.77
1664	iron	4.77
1665	reflect	4.77
1666	planet	4.77
1667	entry	4.77
1668	museum	4.77
1669	software	4.77
1670	leadership	4.77
1671	israel	4.77
1672	inc	4.77
1673	charles	4.77
1674	neither	4.77
1675	onto	4.77
1676	possibly	4.77
1677	threat	4.77
1678	debt	4.77
1679	beauty	4.77
1680	declare	4.77
1681	joint	4.77
1682	crew	4.77
1683	studio	4.77
1684	mount	4.77
1685	frank	4.77
1686	beer	4.76
1687	tend	4.76
1688	storm	4.76
1689	root	4.76
1690	trend	4.76
1691	magic	4.76
1692	florida	4.76
1693	newspaper	4.76
1694	category	4.76
1695	monitor	4.76
1696	ad	4.76
1697	alive	4.76
1698	branch	4.76
1699	sector	4.76
1700	prince	4.76
1701	canadian	4.76
1702	weak	4.76
1703	core	4.76
1704	aspect	4.76
1705	assistant	4.76
1706	chapter	4.76
1707	draft	4.76
1708	evil	4.76
1709	bottle	4.76
1710	web	4.76
1711	qualify	4.76
1712	wash	4.76
1713	tank	4.75
1714	valley	4.75
1715	defeat	4.75
1716	behavior	4.75
1717	elect	4.75
1718	cop	4.75
1719	technical	4.75
1720	bay	4.75
1721	martin	4.75
1722	violence	4.75
1723	scar	4.75
1724	mexico	4.75
1725	parliament	4.75
1726	cultural	4.75
1727	slightly	4.75
1728	thought	4.75
1729	unique	4.75
1730	yours	4.75
1731	solid	4.75
1732	label	4.75
1733	grab	4.75
1734	emergency	4.75
1735	suspect	4.75
1736	pool	4.75
1737	lovely	4.75
1738	ocean	4.75
1739	assist	4.75
1740	lay	4.75
1741	mad	4.75
1742	adopt	4.75
1743	mess	4.75
1744	gather	4.75
1745	regulation	4.75
1746	initial	4.74
1747	folk	4.74
1748	guarantee	4.74
1749	novel	4.74
1750	tea	4.74
1751	revenue	4.74
1752	henry	4.74
1753	colour	4.74
1754	somewhere	4.74
1755	dont	4.74
1756	forever	4.74
1757	adam	4.74
1758	apartment	4.74
1759	lee	4.74
1760	conservative	4.74
1761	ruin	4.74
1762	dick	4.74
1763	afternoon	4.74
1764	oppose	4.73
1765	native	4.73
1766	capacity	4.73
1767	presence	4.73
1768	jones	4.73
1769	participate	4.73
1770	inch	4.73
1771	split	4.73
1772	angeles	4.73
1773	democratic	4.73
1774	excellent	4.73
1775	honest	4.73
1776	nuclear	4.73
1777	spanish	4.73
1778	corporation	4.73
1779	consist	4.73
1780	protest	4.73
1781	cap	4.73
1782	convince	4.73
1783	ill	4.73
1784	rent	4.73
1785	phase	4.73
1786	lesson	4.73
1787	climate	4.73
1788	proof	4.73
1789	wheel	4.73
1790	asset	4.73
1791	error	4.73
1792	shake	4.73
1793	harry	4.73
1794	flag	4.72
1795	talent	4.72
1796	delay	4.72
1797	electric	4.72
1798	upper	4.72
1799	scott	4.72
1800	generate	4.72
1801	johnson	4.72
1802	moon	4.72
1803	threaten	4.72
1804	editor	4.72
1805	girlfriend	4.72
1806	hello	4.72
1807	britain	4.72
1808	circle	4.72
1809	sub	4.72
1810	clothes	4.72
1811	entirely	4.72
1812	massive	4.72
1813	plenty	4.72
1814	proper	4.72
1815	regional	4.72
1816	toward	4.72
1817	useful	4.72
1818	organize	4.72
1819	vice	4.72
1820	steel	4.72
1821	plate	4.72
1822	democrat	4.72
1823	soft	4.72
1824	chemical	4.72
1825	equal	4.72
1826	asian	4.71
1827	mode	4.71
1828	crack	4.71
1829	gate	4.71
1830	package	4.71
1831	decline	4.71
1832	bone	4.71
1833	labour	4.71
1834	fake	4.71
1835	prize	4.71
1836	knock	4.71
1837	anywhere	4.71
1838	fantastic	4.71
1839	feeling	4.71
1840	industrial	4.71
1841	steve	4.71
1842	terrible	4.71
1843	reform	4.71
1844	possibility	4.71
1845	favor	4.71
1846	rush	4.71
1847	sugar	4.71
1848	bind	4.70
1849	identity	4.70
1850	invest	4.70
1851	senator	4.70
1852	expose	4.70
1853	instance	4.70
1854	procedure	4.70
1855	intelligence	4.70
1856	drama	4.70
1857	yellow	4.70
1858	territory	4.70
1859	squad	4.70
1860	jersey	4.70
1861	row	4.70
1862	afraid	4.70
1863	environmental	4.70
1864	italian	4.70
1865	tooth	4.70
1866	solve	4.70
1867	enable	4.70
1868	ear	4.70
1869	tech	4.70
1870	smell	4.70
1871	minimum	4.70
1872	journey	4.70
1873	divide	4.70
1874	plot	4.70
1875	bright	4.70
1876	freeze	4.70
1877	improvement	4.69
1878	topic	4.69
1879	fruit	4.69
1880	producer	4.69
1881	inform	4.69
1882	fault	4.69
1883	chicken	4.69
1884	scheme	4.69
1885	ancient	4.69
1886	domestic	4.69
1887	ben	4.69
1888	politician	4.69
1889	building	4.69
1890	expensive	4.69
1891	historical	4.69
1892	honestly	4.69
1893	im	4.69
1894	originally	4.69
1895	pm	4.69
1896	suddenly	4.69
1897	supreme	4.69
1898	appropriate	4.69
1899	troop	4.69
1900	incident	4.69
1901	snow	4.69
1902	swear	4.69
1903	lunch	4.69
1904	fox	4.69
1905	panel	4.69
1906	component	4.69
1907	retire	4.69
1908	pilot	4.68
1909	vision	4.68
1910	era	4.68
1911	investigate	4.68
1912	scream	4.68
1913	ton	4.68
1914	speaker	4.68
1915	attitude	4.68
1916	milk	4.68
1917	principle	4.68
1918	trick	4.68
1919	scotland	4.68
1920	chase	4.68
1921	illegal	4.68
1922	scientist	4.68
1923	seed	4.68
1924	quiet	4.68
1925	spell	4.68
1926	highlight	4.68
1927	twenty	4.68
1928	height	4.68
1929	shoulder	4.68
1930	reader	4.68
1931	excuse	4.68
1932	appoint	4.68
1933	jail	4.68
1934	combination	4.68
1935	bell	4.68
1936	repair	4.67
1937	kitchen	4.67
1938	sight	4.67
1939	chat	4.67
1940	distribution	4.67
1941	acquire	4.67
1942	boston	4.67
1943	williams	4.67
1944	publication	4.67
1945	ca	4.67
1946	golden	4.67
1947	ms	4.67
1948	scientific	4.67
1949	ya	4.67
1950	vary	4.67
1951	minor	4.67
1952	concert	4.67
1953	danger	4.67
1954	ministry	4.67
1955	swim	4.67
1956	belief	4.67
1957	button	4.67
1958	daniel	4.67
1959	upset	4.67
1960	lane	4.67
1961	protein	4.67
1962	selection	4.67
1963	context	4.67
1964	origin	4.67
1965	angry	4.67
1966	stadium	4.67
1967	chart	4.67
1968	angel	4.67
1969	employ	4.66
1970	volunteer	4.66
1971	contest	4.66
1972	neck	4.66
1973	recover	4.66
1974	relative	4.66
1975	compete	4.66
1976	reward	4.66
1977	surgery	4.66
1978	passenger	4.66
1979	max	4.66
1980	ireland	4.66
1981	peak	4.66
1982	motor	4.66
1983	friendly	4.66
1984	italy	4.66
1985	comfortable	4.66
1986	emotional	4.66
1987	et	4.66
1988	everywhere	4.66
1989	internal	4.66
1990	ll	4.66
1991	relatively	4.66
1992	youtube	4.66
1993	confuse	4.66
1994	monster	4.66
1995	meal	4.66
1996	meat	4.66
1997	andrew	4.66
1998	photograph	4.66
1999	pure	4.66
2000	broad	4.66
2001	cute	4.66
2002	advertise	4.66
2003	demonstrate	4.66
2004	attract	4.66
2005	crisis	4.66
2006	championship	4.66
2007	proposal	4.66
2008	wage	4.66
2009	mate	4.66
2010	kingdom	4.66
2011	index	4.66
2012	experiment	4.65
2013	taylor	4.65
2014	trap	4.65
2015	orange	4.65
2016	install	4.65
2017	korea	4.65
2018	crown	4.65
2019	zero	4.65
2020	confidence	4.65
2021	cloud	4.65
2022	asia	4.65
2023	mm	4.65
2024	numerous	4.65
2025	specifically	4.65
2026	urban	4.65
2027	submit	4.65
2028	definition	4.65
2029	cancel	4.65
2030	tuesday	4.65
2031	battery	4.65
2032	salt	4.65
2033	bob	4.65
2034	essential	4.65
2035	sam	4.65
2036	bike	4.65
2037	factory	4.65
2038	suicide	4.65
2039	mayor	4.65
2040	tradition	4.65
2041	explore	4.65
2042	strip	4.64
2043	tower	4.64
2044	edward	4.64
2045	perspective	4.64
2046	cream	4.64
2047	aircraft	4.64
2048	resolution	4.64
2049	pitch	4.64
2050	bless	4.64
2051	expression	4.64
2052	assembly	4.64
2053	contribution	4.64
2054	observe	4.64
2055	layer	4.64
2056	wire	4.64
2057	approximately	4.64
2058	corporate	4.64
2059	properly	4.64
2060	tony	4.64
2061	mill	4.64
2062	portion	4.64
2063	thursday	4.64
2064	journalist	4.64
2065	circumstance	4.64
2066	delivery	4.64
2067	bore	4.64
2068	poll	4.64
2069	personality	4.64
2070	solo	4.64
2071	flood	4.64
2072	adventure	4.64
2073	spin	4.64
2074	seal	4.64
2075	heaven	4.64
2076	implement	4.64
2077	tournament	4.64
2078	ally	4.64
2079	tag	4.64
2080	academic	4.64
2081	diet	4.63
2082	empty	4.63
2083	pocket	4.63
2084	opposite	4.63
2085	counter	4.63
2086	household	4.63
2087	tiny	4.63
2088	coverage	4.63
2089	rescue	4.63
2090	complain	4.63
2091	motion	4.63
2092	shot	4.63
2093	extreme	4.63
2094	iii	4.63
2095	cable	4.63
2096	dedicate	4.63
2097	reject	4.63
2098	occasion	4.63
2099	ah	4.63
2100	basically	4.63
2101	besides	4.63
2102	false	4.63
2103	incredible	4.63
2104	ma	4.63
2105	obvious	4.63
2106	slowly	4.63
2107	whenever	4.63
2108	statistic	4.63
2109	brief	4.63
2110	don	4.63
2111	custom	4.63
2112	catholic	4.63
2113	shower	4.63
2114	quit	4.63
2115	manner	4.63
2116	marine	4.63
2117	literature	4.62
2118	loud	4.62
2119	accuse	4.62
2120	stretch	4.62
2121	disappoint	4.62
2122	muscle	4.62
2123	republic	4.62
2124	attach	4.62
2125	emerge	4.62
2126	pet	4.62
2127	recall	4.62
2128	afford	4.62
2129	virginia	4.62
2130	breakfast	4.62
2131	boyfriend	4.62
2132	voter	4.62
2133	iran	4.62
2134	permit	4.62
2135	alex	4.62
2136	eu	4.62
2137	jim	4.62
2138	ourselves	4.62
2139	typically	4.62
2140	un	4.62
2141	unfortunately	4.62
2142	usual	4.62
2143	tall	4.62
2144	found	4.62
2145	cake	4.62
2146	roof	4.62
2147	favourite	4.62
2148	depth	4.62
2149	bother	4.62
2150	chamber	4.62
2151	encounter	4.62
2152	alcohol	4.62
2153	trail	4.62
2154	tight	4.62
2155	consequence	4.62
2156	visitor	4.61
2157	noise	4.61
2158	comic	4.61
2159	farmer	4.61
2160	calm	4.61
2161	maximum	4.61
2162	familiar	4.61
2163	breathe	4.61
2164	pray	4.61
2165	guilty	4.61
2166	nick	4.61
2167	tweet	4.61
2168	gender	4.61
2169	ohio	4.61
2170	capable	4.61
2171	id	4.61
2172	jewish	4.61
2173	largely	4.61
2174	perfectly	4.61
2175	relevant	4.61
2176	unable	4.61
2177	wednesday	4.61
2178	pleasure	4.61
2179	deputy	4.61
2180	supporter	4.61
2181	succeed	4.61
2182	entertainment	4.61
2183	shadow	4.61
2184	saint	4.61
2185	premier	4.61
2186	tone	4.60
2187	province	4.60
2188	sheet	4.60
2189	penalty	4.60
2190	universe	4.60
2191	info	4.60
2192	log	4.60
2193	neighborhood	4.60
2194	server	4.60
2195	roman	4.60
2196	bid	4.60
2197	blind	4.60
2198	debut	4.60
2199	chip	4.60
2200	appointment	4.60
2201	creative	4.60
2202	educational	4.60
2203	mainly	4.60
2204	scottish	4.60
2205	wales	4.60
2206	coat	4.60
2207	abandon	4.60
2208	creation	4.60
2209	gear	4.60
2210	singer	4.60
2211	conclude	4.60
2212	prayer	4.60
2213	climb	4.60
2214	piss	4.60
2215	bathroom	4.59
2216	academy	4.59
2217	legend	4.59
2218	prisoner	4.59
2219	aside	4.59
2220	instrument	4.59
2221	boot	4.59
2222	recovery	4.59
2223	toy	4.59
2224	disappear	4.59
2225	examine	4.59
2226	cheese	4.59
2227	mirror	4.59
2228	string	4.59
2229	combat	4.59
2230	settlement	4.59
2231	rely	4.59
2232	annoy	4.59
2233	spain	4.59
2234	emotion	4.59
2235	assistance	4.59
2236	pacific	4.59
2237	careful	4.59
2238	kim	4.59
2239	kinda	4.59
2240	reasonable	4.59
2241	rural	4.59
2242	ryan	4.59
2243	typical	4.59
2244	grace	4.59
2245	flash	4.59
2246	revolution	4.59
2247	satisfy	4.59
2248	pretend	4.59
2249	broadcast	4.59
2250	gap	4.59
2251	manufacturer	4.59
2252	sponsor	4.59
2253	bunch	4.59
2254	soviet	4.59
2255	comparison	4.59
2256	relax	4.59
2257	clinton	4.59
2258	expense	4.59
2259	highway	4.59
2260	assault	4.59
2261	dumb	4.58
2262	pump	4.58
2263	format	4.58
2264	convert	4.58
2265	proceed	4.58
2266	jackson	4.58
2267	gang	4.58
2268	dragon	4.58
2269	hook	4.58
2270	sink	4.58
2271	tap	4.58
2272	terrorist	4.58
2273	interior	4.58
2274	praise	4.58
2275	veteran	4.58
2276	golf	4.58
2277	brazil	4.58
2278	turkey	4.58
2279	random	4.58
2280	cheat	4.58
2281	ha	4.58
2282	independence	4.58
2283	gallery	4.58
2284	joy	4.58
2285	complaint	4.58
2286	commander	4.58
2287	drag	4.58
2288	slip	4.58
2289	navy	4.58
2290	neighbor	4.58
2291	convention	4.58
2292	killer	4.58
2293	difficulty	4.58
2294	steam	4.57
2295	designer	4.57
2296	wrap	4.57
2297	opposition	4.57
2298	injure	4.57
2299	weekly	4.57
2300	constitution	4.57
2301	organisation	4.57
2302	storage	4.57
2303	retail	4.57
2304	tune	4.57
2305	expectation	4.57
2306	fantasy	4.57
2307	instruction	4.57
2308	corp	4.57
2309	wet	4.57
2310	permanent	4.57
2311	transportation	4.57
2312	empire	4.57
2313	priority	4.57
2314	accurate	4.57
2315	bbc	4.57
2316	competitive	4.57
2317	em	4.57
2318	normally	4.57
2319	personally	4.57
2320	programme	4.57
2321	ultimately	4.57
2322	unlike	4.57
2323	thread	4.57
2324	fighter	4.57
2325	twin	4.57
2326	depression	4.57
2327	cite	4.57
2328	slide	4.57
2329	exclusive	4.57
2330	jew	4.57
2331	occupy	4.57
2332	punch	4.57
2333	greek	4.57
2334	heal	4.57
2335	partnership	4.57
2336	harm	4.57
2337	diamond	4.57
2338	nose	4.57
2339	gene	4.56
2340	dirty	4.56
2341	retain	4.56
2342	theatre	4.56
2343	expansion	4.56
2344	knee	4.56
2345	coin	4.56
2346	lip	4.56
2347	basketball	4.56
2348	mar	4.56
2349	severe	4.56
2350	employment	4.56
2351	operator	4.56
2352	personnel	4.56
2353	latter	4.56
2354	slave	4.56
2355	anybody	4.56
2356	dc	4.56
2357	el	4.56
2358	frequently	4.56
2359	hopefully	4.56
2360	importance	4.56
2361	kevin	4.56
2362	pregnant	4.56
2363	ve	4.56
2364	pursue	4.56
2365	relief	4.56
2366	therapy	4.56
2367	sin	4.56
2368	plastic	4.56
2369	wise	4.56
2370	upgrade	4.56
2371	divorce	4.56
2372	campus	4.56
2373	principal	4.56
2374	founder	4.56
2375	amazon	4.56
2376	dig	4.56
2377	export	4.56
2378	princess	4.56
2379	resistance	4.56
2380	railway	4.56
2381	thin	4.55
2382	dozen	4.55
2383	constant	4.55
2384	contrast	4.55
2385	delete	4.55
2386	shame	4.55
2387	teen	4.55
2388	transition	4.55
2389	shell	4.55
2390	bible	4.55
2391	carbon	4.55
2392	circuit	4.55
2393	legislation	4.55
2394	ground	4.55
2395	existence	4.55
2396	bury	4.55
2397	rice	4.55
2398	matt	4.55
2399	swing	4.55
2400	pakistan	4.55
2401	maintenance	4.55
2402	brilliant	4.55
2403	electronic	4.55
2404	jr	4.55
2405	nearby	4.55
2406	somewhat	4.55
2407	surely	4.55
2408	criticism	4.55
2409	extension	4.55
2410	rip	4.55
2411	bat	4.55
2412	hip	4.55
2413	acid	4.55
2414	jean	4.55
2415	disorder	4.55
2416	bush	4.55
2417	conclusion	4.55
2418	defence	4.55
2419	introduction	4.55
2420	plain	4.55
2421	stephen	4.55
2422	formation	4.54
2423	breath	4.54
2424	minority	4.54
2425	idiot	4.54
2426	acknowledge	4.54
2427	assessment	4.54
2428	breed	4.54
2429	leak	4.54
2430	outcome	4.54
2431	baseball	4.54
2432	charity	4.54
2433	absolute	4.54
2434	objective	4.54
2435	reverse	4.54
2436	screw	4.54
2437	preserve	4.54
2438	sand	4.54
2439	angle	4.54
2440	construct	4.54
2441	unknown	4.54
2442	arrangement	4.54
2443	athlete	4.54
2444	arrange	4.54
2445	anniversary	4.54
2446	michigan	4.54
2447	restore	4.54
2448	ghost	4.54
2449	da	4.54
2450	heavily	4.54
2451	irish	4.54
2452	multi	4.54
2453	nfl	4.54
2454	significantly	4.54
2455	widely	4.54
2456	worldwide	4.54
2457	guitar	4.54
2458	chest	4.54
2459	trigger	4.54
2460	cousin	4.54
2461	boost	4.54
2462	symptom	4.54
2463	retirement	4.54
2464	vessel	4.54
2465	immigrant	4.54
2466	warrior	4.54
2467	achievement	4.54
2468	employer	4.54
2469	suggestion	4.54
2470	sum	4.54
2471	comedy	4.54
2472	bonus	4.54
2473	dispute	4.53
2474	intention	4.53
2475	rail	4.53
2476	min	4.53
2477	realise	4.53
2478	secondary	4.53
2479	democracy	4.53
2480	pink	4.53
2481	tape	4.53
2482	medal	4.53
2483	cheer	4.53
2484	nail	4.53
2485	raw	4.53
2486	bedroom	4.53
2487	wilson	4.53
2488	wound	4.53
2489	tiger	4.53
2490	musical	4.53
2491	ultimate	4.53
2492	enterprise	4.53
2493	interaction	4.53
2494	korean	4.53
2495	eliminate	4.53
2496	sydney	4.53
2497	manchester	4.53
2498	attractive	4.53
2499	closely	4.53
2500	constantly	4.53
2501	francisco	4.53
2502	haha	4.53
2503	hardly	4.53
2504	hong	4.53
2505	officially	4.53
2506	pc	4.53
2507	solar	4.53
2508	somehow	4.53
2509	advise	4.53
2510	decrease	4.53
2511	mask	4.53
2512	math	4.53
2513	cabinet	4.53
2514	carolina	4.53
2515	crush	4.53
2516	tube	4.53
2517	honour	4.53
2518	exact	4.53
2519	habit	4.53
2520	valuable	4.53
2521	junior	4.53
2522	ideal	4.53
2523	discovery	4.53
2524	mystery	4.53
2525	rob	4.53
2526	semi	4.53
2527	filter	4.53
2528	pen	4.52
2529	critic	4.52
2530	chocolate	4.52
2531	contemporary	4.52
2532	initiative	4.52
2533	advocate	4.52
2534	equivalent	4.52
2535	discount	4.52
2536	jet	4.52
2537	moral	4.52
2538	explanation	4.52
2539	joseph	4.52
2540	thick	4.52
2541	comfort	4.52
2542	external	4.52
2543	silence	4.52
2544	establishment	4.52
2545	sharp	4.52
2546	knife	4.52
2547	temple	4.52
2548	trace	4.52
2549	stable	4.52
2550	regret	4.52
2551	hollywood	4.52
2552	automatically	4.52
2553	ft	4.52
2554	immediate	4.52
2555	presidential	4.52
2556	regularly	4.52
2557	thats	4.52
2558	fool	4.52
2559	belt	4.52
2560	jordan	4.52
2561	commitment	4.52
2562	craft	4.52
2563	clock	4.52
2564	approval	4.52
2565	complicate	4.52
2566	lion	4.52
2567	permission	4.52
2568	lab	4.52
2569	accompany	4.52
2570	wolf	4.52
2571	bread	4.52
2572	researcher	4.52
2573	mouse	4.52
2574	rough	4.52
2575	opponent	4.52
2576	narrow	4.52
2577	transaction	4.52
2578	commissioner	4.52
2579	urge	4.52
2580	pant	4.52
2581	miller	4.52
2582	percentage	4.52
2583	childhood	4.51
2584	assign	4.51
2585	clip	4.51
2586	reporter	4.51
2587	sequence	4.51
2588	philosophy	4.51
2589	deposit	4.51
2590	rape	4.51
2591	kit	4.51
2592	graphic	4.51
2593	developer	4.51
2594	dynamic	4.51
2595	jan	4.51
2596	wealth	4.51
2597	clinical	4.51
2598	dan	4.51
2599	entitled	4.51
2600	tim	4.51
2601	lover	4.51
2602	ford	4.51
2603	pot	4.51
2604	jury	4.51
2605	twist	4.51
2606	bath	4.51
2607	rap	4.51
2608	resort	4.51
2609	sacrifice	4.51
2610	impress	4.51
2611	hunter	4.51
2612	execute	4.51
2613	breast	4.51
2614	tale	4.51
2615	educate	4.51
2616	predict	4.51
2617	pride	4.51
2618	gross	4.51
2619	desert	4.51
2620	coal	4.50
2621	resolve	4.50
2622	pin	4.50
2623	recommendation	4.50
2624	distribute	4.50
2625	import	4.50
2626	promotion	4.50
2627	script	4.50
2628	exception	4.50
2629	loose	4.50
2630	monthly	4.50
2631	porn	4.50
2632	ceremony	4.50
2633	virus	4.50
2634	zealand	4.50
2635	symbol	4.50
2636	en	4.50
2637	fairly	4.50
2638	inner	4.50
2639	le	4.50
2640	outstanding	4.50
2641	visual	4.50
2642	forum	4.50
2643	buddy	4.50
2644	priest	4.50
2645	salary	4.50
2646	formula	4.50
2647	celebrity	4.50
2648	auto	4.50
2649	maker	4.50
2650	simon	4.50
2651	deck	4.50
2652	nut	4.50
2653	incorporate	4.50
2654	owe	4.50
2655	passion	4.50
2656	pace	4.50
2657	bull	4.50
2658	ceo	4.50
2659	membership	4.50
2660	actress	4.50
2661	boundary	4.50
2662	superior	4.49
2663	soil	4.49
2664	grey	4.49
2665	ken	4.49
2666	santa	4.49
2667	crystal	4.49
2668	participant	4.49
2669	castle	4.49
2670	bang	4.49
2671	universal	4.49
2672	knight	4.49
2673	investor	4.49
2674	vast	4.49
2675	dna	4.49
2676	davis	4.49
2677	replacement	4.49
2678	toronto	4.49
2679	barely	4.49
2680	bc	4.49
2681	effectively	4.49
2682	eric	4.49
2683	extensive	4.49
2684	historic	4.49
2685	initially	4.49
2686	kong	4.49
2687	olympic	4.49
2688	insist	4.49
2689	adjust	4.49
2690	exhibit	4.49
2691	rocket	4.49
2692	column	4.49
2693	infection	4.49
2694	creature	4.49
2695	poem	4.49
2696	shield	4.49
2697	dish	4.49
2698	blast	4.49
2699	reputation	4.49
2700	landscape	4.49
2701	arrival	4.49
2702	uniform	4.48
2703	howard	4.48
2704	possession	4.48
2705	bend	4.48
2706	latin	4.48
2707	translate	4.48
2708	dare	4.48
2709	cure	4.48
2710	illness	4.48
2711	uncle	4.48
2712	exit	4.48
2713	pose	4.48
2714	shout	4.48
2715	pic	4.48
2716	arab	4.48
2717	disaster	4.48
2718	bishop	4.48
2719	transform	4.48
2720	bullshit	4.48
2721	sarah	4.48
2722	lewis	4.48
2723	horror	4.48
2724	temporary	4.48
2725	charm	4.48
2726	alien	4.48
2727	snap	4.48
2728	consistent	4.48
2729	meanwhile	4.48
2730	meeting	4.48
2731	naturally	4.48
2732	necessarily	4.48
2733	practical	4.48
2734	primarily	4.48
2735	regardless	4.48
2736	soccer	4.48
2737	eagle	4.48
2738	stem	4.48
2739	amendment	4.48
2740	palace	4.48
2741	avenue	4.48
2742	pan	4.48
2743	mortgage	4.48
2744	fort	4.48
2745	allege	4.48
2746	carrier	4.48
2747	freak	4.48
2748	mood	4.48
2749	duke	4.48
2750	rally	4.48
2751	smooth	4.47
2752	audio	4.47
2753	theater	4.47
2754	translation	4.47
2755	recognition	4.47
2756	extent	4.47
2757	rear	4.47
2758	meter	4.47
2759	impose	4.47
2760	playoff	4.47
2761	atmosphere	4.47
2762	elizabeth	4.47
2763	immigration	4.47
2764	civilian	4.47
2765	innocent	4.47
2766	clothing	4.47
2767	miami	4.47
2768	output	4.47
2769	anxiety	4.47
2770	infrastructure	4.47
2771	brian	4.47
2772	everyday	4.47
2773	healthcare	4.47
2774	impressive	4.47
2775	ltd	4.47
2776	shortly	4.47
2777	strongly	4.47
2778	walker	4.47
2779	tail	4.47
2780	bug	4.47
2781	enhance	4.47
2782	anger	4.47
2783	desk	4.47
2784	exposure	4.47
2785	mechanism	4.47
2786	matthew	4.47
2787	float	4.47
2788	elite	4.47
2789	mac	4.47
2790	phrase	4.47
2791	friendship	4.47
2792	gray	4.47
2793	vacation	4.47
2794	sword	4.47
2795	offensive	4.47
2796	alarm	4.47
2797	mexican	4.46
2798	integrate	4.46
2799	pizza	4.46
2800	essay	4.46
2801	colleague	4.46
2802	racist	4.46
2803	curve	4.46
2804	vega	4.46
2805	colorado	4.46
2806	jason	4.46
2807	sensitive	4.46
2808	trash	4.46
2809	dominate	4.46
2810	sue	4.46
2811	georgia	4.46
2812	sexy	4.46
2813	segment	4.46
2814	awful	4.46
2815	carefully	4.46
2816	donald	4.46
2817	elsewhere	4.46
2818	pa	4.46
2819	poverty	4.46
2820	ridiculous	4.46
2821	violent	4.46
2822	alliance	4.46
2823	reduction	4.46
2824	crop	4.46
2825	recruit	4.46
2826	lieutenant	4.46
2827	imply	4.46
2828	narrative	4.46
2829	grave	4.46
2830	hungry	4.46
2831	bench	4.45
2832	sail	4.45
2833	dust	4.45
2834	hack	4.45
2835	frequency	4.45
2836	compound	4.45
2837	fry	4.45
2838	gym	4.45
2839	luke	4.45
2840	characteristic	4.45
2841	rapid	4.45
2842	sustain	4.45
2843	shade	4.45
2844	preparation	4.45
2845	curious	4.45
2846	adapt	4.45
2847	enforcement	4.45
2848	collapse	4.45
2849	mini	4.45
2850	formal	4.45
2851	ward	4.45
2852	exhibition	4.45
2853	rome	4.45
2854	photography	4.45
2855	egypt	4.45
2856	exam	4.45
2857	telephone	4.45
2858	administrative	4.45
2859	alan	4.45
2860	alongside	4.45
2861	jeff	4.45
2862	olympics	4.45
2863	respectively	4.45
2864	silent	4.45
2865	successfully	4.45
2866	unusual	4.45
2867	yo	4.45
2868	privilege	4.45
2869	embarrass	4.45
2870	pour	4.45
2871	spy	4.45
2872	withdraw	4.45
2873	raid	4.45
2874	fiction	4.45
2875	alert	4.45
2876	weigh	4.45
2877	mum	4.45
2878	ugly	4.45
2879	yield	4.45
2880	drill	4.45
2881	justify	4.45
2882	bullet	4.44
2883	suspend	4.44
2884	israeli	4.44
2885	nazi	4.44
2886	concrete	4.44
2887	accomplish	4.44
2888	refugee	4.44
2889	provision	4.44
2890	ratio	4.44
2891	shore	4.44
2892	victoria	4.44
2893	jimmy	4.44
2894	brush	4.44
2895	tissue	4.44
2896	kelly	4.44
2897	harris	4.44
2898	currency	4.44
2899	stomach	4.44
2900	jacket	4.44
2901	liquid	4.44
2902	happiness	4.44
2903	polish	4.44
2904	awareness	4.44
2905	badly	4.44
2906	dave	4.44
2907	deeply	4.44
2908	horrible	4.44
2909	illinois	4.44
2910	islamic	4.44
2911	saving	4.44
2912	impression	4.44
2913	brave	4.44
2914	romantic	4.44
2915	forgive	4.44
2916	memorial	4.44
2917	architecture	4.44
2918	tourist	4.44
2919	detect	4.44
2920	satellite	4.44
2921	entrance	4.43
2922	donate	4.43
2923	bow	4.43
2924	robot	4.43
2925	android	4.43
2926	jay	4.43
2927	asshole	4.43
2928	premium	4.43
2929	specialist	4.43
2930	embrace	4.43
2931	activist	4.43
2932	fbi	4.43
2933	distinguish	4.43
2934	liverpool	4.43
2935	iraq	4.43
2936	andy	4.43
2937	charlie	4.43
2938	confident	4.43
2939	electricity	4.43
2940	helpful	4.43
2941	iphone	4.43
2942	naked	4.43
2943	ny	4.43
2944	strategic	4.43
2945	welfare	4.43
2946	inspiration	4.43
2947	lean	4.43
2948	dump	4.43
2949	alter	4.43
2950	odd	4.43
2951	venture	4.43
2952	liberty	4.43
2953	tongue	4.43
2954	butter	4.43
2955	recipe	4.43
2956	favour	4.43
2957	bureau	4.43
2958	react	4.43
2959	pipe	4.43
2960	holder	4.43
2961	buck	4.43
2962	input	4.43
2963	lyric	4.43
2964	dismiss	4.43
2965	yell	4.43
2966	routine	4.42
2967	celebration	4.42
2968	modify	4.42
2969	representation	4.42
2970	morgan	4.42
2971	stun	4.42
2972	ordinary	4.42
2973	communist	4.42
2974	cricket	4.42
2975	communicate	4.42
2976	rep	4.42
2977	airline	4.42
2978	restrict	4.42
2979	sweep	4.42
2980	foster	4.42
2981	utility	4.42
2982	devil	4.42
2983	shelter	4.42
2984	govern	4.42
2985	stroke	4.42
2986	stake	4.42
2987	islam	4.42
2988	houston	4.42
2989	remote	4.42
2990	stamp	4.42
2991	pit	4.42
2992	behalf	4.42
2993	duck	4.42
2994	afterwards	4.42
2995	alright	4.42
2996	dallas	4.42
2997	economics	4.42
2998	efficient	4.42
2999	electrical	4.42
3000	essentially	4.42
3001	hockey	4.42
3002	jane	4.42
3003	moscow	4.42
3004	na	4.42
3005	nervous	4.42
3006	newly	4.42
3007	op	4.42
3008	philadelphia	4.42
3009	rarely	4.42
3010	whoever	4.42
3011	ease	4.42
3012	attribute	4.42
3013	illustrate	4.42
3014	dean	4.42
3015	innovation	4.42
3016	derive	4.42
3017	assure	4.42
3018	colonel	4.42
3019	prospect	4.42
3020	crap	4.42
3021	restriction	4.42
3022	evolution	4.42
3023	counsel	4.42
3024	melt	4.42
3025	grass	4.42
3026	tho	4.42
3027	venue	4.42
3028	physician	4.42
3029	provider	4.42
3030	doc	4.42
3031	con	4.42
3032	assess	4.42
3033	nerve	4.42
3034	consume	4.41
3035	flip	4.41
3036	concentrate	4.41
3037	beg	4.41
3038	evolve	4.41
3039	scary	4.41
3040	ambassador	4.41
3041	consent	4.41
3042	skip	4.41
3043	sake	4.41
3044	loop	4.41
3045	arthur	4.41
3046	photographer	4.41
3047	lifetime	4.41
3048	dutch	4.41
3049	fold	4.41
3050	chill	4.41
3051	organic	4.41
3052	composition	4.41
3053	walter	4.41
3054	thirty	4.41
3055	anthony	4.41
3056	dealer	4.41
3057	peer	4.41
3058	dramatic	4.41
3059	lately	4.41
3060	trans	4.41
3061	ups	4.41
3062	vol	4.41
3063	whereas	4.41
3064	possess	4.41
3065	domain	4.41
3066	laboratory	4.41
3067	residence	4.41
3068	boom	4.41
3069	certificate	4.41
3070	treaty	4.41
3071	margin	4.41
3072	juice	4.41
3073	efficiency	4.41
3074	flame	4.41
3075	discipline	4.41
3076	funeral	4.41
3077	fleet	4.41
3078	substance	4.41
3079	summary	4.41
3080	fancy	4.41
3081	patch	4.41
3082	comprise	4.41
3083	announcement	4.41
3084	lecture	4.40
3085	trailer	4.40
3086	spiritual	4.40
3087	tunnel	4.40
3088	bake	4.40
3089	tackle	4.40
3090	fence	4.40
3091	fundamental	4.40
3092	potato	4.40
3093	poster	4.40
3094	philippine	4.40
3095	disgust	4.40
3096	publisher	4.40
3097	downtown	4.40
3098	ownership	4.40
3099	pope	4.40
3100	archive	4.40
3101	alexander	4.40
3102	rebel	4.40
3103	buyer	4.40
3104	sweden	4.40
3105	poetry	4.40
3106	columbia	4.40
3107	forth	4.40
3108	nowhere	4.40
3109	ap	4.40
3110	bro	4.40
3111	congratulations	4.40
3112	decent	4.40
3113	insane	4.40
3114	nah	4.40
3115	pennsylvania	4.40
3116	rugby	4.40
3117	sudden	4.40
3118	syria	4.40
3119	toilet	4.40
3120	lease	4.40
3121	bye	4.40
3122	humanity	4.40
3123	behaviour	4.40
3124	resist	4.40
3125	calculate	4.40
3126	silly	4.40
3127	cookie	4.40
3128	smash	4.40
3129	rival	4.40
3130	overcome	4.40
3131	arise	4.39
3132	snake	4.39
3133	patent	4.39
3134	pole	4.39
3135	disability	4.39
3136	worship	4.39
3137	franchise	4.39
3138	disable	4.39
3139	makeup	4.39
3140	creek	4.39
3141	capability	4.39
3142	bully	4.39
3143	outfit	4.39
3144	disney	4.39
3145	database	4.39
3146	ross	4.39
3147	entertain	4.39
3148	compose	4.39
3149	atlantic	4.39
3150	ranger	4.39
3151	gary	4.39
3152	seattle	4.39
3153	cambridge	4.39
3154	scan	4.39
3155	consideration	4.39
3156	abroad	4.39
3157	equally	4.39
3158	fitness	4.39
3159	francis	4.39
3160	intense	4.39
3161	nba	4.39
3162	occasionally	4.39
3163	physics	4.39
3164	potentially	4.39
3165	roger	4.39
3166	subsequent	4.39
3167	visible	4.39
3168	yep	4.39
3169	borrow	4.39
3170	radical	4.39
3171	fraud	4.39
3172	beast	4.39
3173	exclude	4.39
3174	presentation	4.39
3175	terminal	4.39
3176	legacy	4.39
3177	runner	4.39
3178	clark	4.39
3179	fate	4.39
3180	strain	4.39
3181	warrant	4.39
3182	oscar	4.39
3183	concentration	4.39
3184	strengthen	4.39
3185	guardian	4.39
3186	barrier	4.39
3187	variation	4.39
3188	railroad	4.39
3189	virgin	4.39
3190	petition	4.39
3191	punishment	4.39
3192	brick	4.38
3193	inquiry	4.38
3194	compromise	4.38
3195	poison	4.38
3196	oxford	4.38
3197	destination	4.38
3198	fortune	4.38
3199	allen	4.38
3200	sixth	4.38
3201	progressive	4.38
3202	isolate	4.38
3203	feb	4.38
3204	defensive	4.38
3205	berlin	4.38
3206	arizona	4.38
3207	scratch	4.38
3208	commonly	4.38
3209	finding	4.38
3210	hence	4.38
3211	increasingly	4.38
3212	incredibly	4.38
3213	iv	4.38
3214	mo	4.38
3215	pp	4.38
3216	suitable	4.38
3217	valid	4.38
3218	vital	4.38
3219	whilst	4.38
3220	observation	4.38
3221	delight	4.38
3222	honey	4.38
3223	tribe	4.38
3224	violation	4.38
3225	portrait	4.38
3226	organ	4.38
3227	tattoo	4.38
3228	cigarette	4.38
3229	drain	4.38
3230	daddy	4.38
3231	consult	4.38
3232	resign	4.37
3233	glory	4.37
3234	pig	4.37
3235	intervention	4.37
3236	charter	4.37
3237	lend	4.37
3238	costume	4.37
3239	patrick	4.37
3240	transmission	4.37
3241	luxury	4.37
3242	anna	4.37
3243	wayne	4.37
3244	equip	4.37
3245	mature	4.37
3246	remark	4.37
3247	survival	4.37
3248	atlanta	4.37
3249	butt	4.37
3250	agriculture	4.37
3251	commerce	4.37
3252	genuine	4.37
3253	gordon	4.37
3254	kansas	4.37
3255	km	4.37
3256	merely	4.37
3257	nov	4.37
3258	phil	4.37
3259	documentary	4.37
3260	engagement	4.37
3261	verse	4.37
3262	bean	4.37
3263	pregnancy	4.37
3264	passage	4.37
3265	signature	4.37
3266	spider	4.37
3267	drum	4.37
3268	regime	4.37
3269	acre	4.37
3270	manual	4.37
3271	arena	4.37
3272	rio	4.37
3273	coordinate	4.37
3274	logic	4.37
3275	dose	4.37
3276	epic	4.37
3277	faculty	4.37
3278	cruise	4.37
3279	bias	4.37
3280	slight	4.37
3281	poet	4.36
3282	follower	4.36
3283	removal	4.36
3284	automatic	4.36
3285	acquisition	4.36
3286	recognise	4.36
3287	scenario	4.36
3288	parallel	4.36
3289	heritage	4.36
3290	hug	4.36
3291	intellectual	4.36
3292	ash	4.36
3293	panic	4.36
3294	anderson	4.36
3295	servant	4.36
3296	destruction	4.36
3297	genius	4.36
3298	pension	4.36
3299	austin	4.36
3300	affiliate	4.36
3301	evaluate	4.36
3302	comprehensive	4.36
3303	privacy	4.36
3304	melbourne	4.36
3305	wisconsin	4.36
3306	asleep	4.36
3307	cd	4.36
3308	diego	4.36
3309	extraordinary	4.36
3310	headquarters	4.36
3311	microsoft	4.36
3312	roughly	4.36
3313	blade	4.36
3314	absence	4.36
3315	leather	4.36
3316	exhaust	4.36
3317	weed	4.36
3318	rifle	4.36
3319	auction	4.36
3320	vegetable	4.36
3321	cow	4.36
3322	frustrate	4.36
3323	flee	4.36
3324	resume	4.36
3325	romance	4.36
3326	carter	4.36
3327	punish	4.36
3328	wipe	4.36
3329	triple	4.36
3330	insight	4.36
3331	ram	4.36
3332	assignment	4.36
3333	missile	4.36
3334	creator	4.36
3335	bubble	4.36
3336	cant	4.35
3337	tension	4.35
3338	galaxy	4.35
3339	hint	4.35
3340	cotton	4.35
3341	donation	4.35
3342	survivor	4.35
3343	vocal	4.35
3344	density	4.35
3345	corruption	4.35
3346	robin	4.35
3347	regulate	4.35
3348	torture	4.35
3349	musician	4.35
3350	teenager	4.35
3351	entity	4.35
3352	variable	4.35
3353	shed	4.35
3354	apologize	4.35
3355	johnny	4.35
3356	chemistry	4.35
3357	josh	4.35
3358	viewer	4.35
3359	jacob	4.35
3360	twelve	4.35
3361	barrel	4.35
3362	logo	4.35
3363	measurement	4.35
3364	consumption	4.35
3365	sept	4.35
3366	detroit	4.35
3367	oct	4.35
3368	ann	4.35
3369	apps	4.35
3370	chelsea	4.35
3371	gorgeous	4.35
3372	grateful	4.35
3373	ought	4.35
3374	singapore	4.35
3375	tennis	4.35
3376	clinic	4.35
3377	spray	4.35
3378	cave	4.35
3379	scholar	4.35
3380	throat	4.35
3381	judgment	4.35
3382	default	4.35
3383	examination	4.35
3384	pile	4.35
3385	contractor	4.35
3386	execution	4.35
3387	mall	4.35
3388	ski	4.35
3389	negotiation	4.35
3390	registration	4.35
3391	negotiate	4.35
3392	violate	4.35
3393	classify	4.35
3394	gen	4.35
3395	upload	4.34
3396	moderate	4.34
3397	instant	4.34
3398	inspector	4.34
3399	exceed	4.34
3400	clue	4.34
3401	calendar	4.34
3402	commonwealth	4.34
3403	offense	4.34
3404	maria	4.34
3405	insult	4.34
3406	implementation	4.34
3407	fluid	4.34
3408	pill	4.34
3409	fame	4.34
3410	lung	4.34
3411	bruce	4.34
3412	colony	4.34
3413	agricultural	4.34
3414	delicious	4.34
3415	genetic	4.34
3416	kate	4.34
3417	rapidly	4.34
3418	upcoming	4.34
3419	saudi	4.34
3420	dimension	4.34
3421	disturb	4.34
3422	agenda	4.34
3423	shark	4.34
3424	weakness	4.34
3425	defender	4.34
3426	riot	4.34
3427	toe	4.34
3428	render	4.34
3429	outline	4.34
3430	sec	4.34
3431	workshop	4.34
3432	beam	4.34
3433	depress	4.34
3434	equity	4.34
3435	convict	4.34
3436	sauce	4.34
3437	philip	4.33
3438	compensation	4.33
3439	pupil	4.33
3440	lifestyle	4.33
3441	devote	4.33
3442	analyze	4.33
3443	participation	4.33
3444	obligation	4.33
3445	explosion	4.33
3446	ethnic	4.33
3447	demon	4.33
3448	russell	4.33
3449	designate	4.33
3450	billy	4.33
3451	sole	4.33
3452	motivate	4.33
3453	framework	4.33
3454	bee	4.33
3455	conservation	4.33
3456	aug	4.33
3457	iowa	4.33
3458	undergo	4.33
3459	curse	4.33
3460	guidance	4.33
3461	piano	4.33
3462	overwhelm	4.33
3463	constitutional	4.33
3464	di	4.33
3465	elementary	4.33
3466	fuckin	4.33
3467	greatly	4.33
3468	instagram	4.33
3469	mechanical	4.33
3470	nigeria	4.33
3471	precious	4.33
3472	prominent	4.33
3473	residential	4.33
3474	stats	4.33
3475	substantial	4.33
3476	wildlife	4.33
3477	wooden	4.33
3478	horn	4.33
3479	chef	4.33
3480	undertake	4.33
3481	rick	4.33
3482	candy	4.33
3483	powder	4.33
3484	differ	4.33
3485	perceive	4.33
3486	correspond	4.33
3487	purple	4.33
3488	treasure	4.33
3489	dialogue	4.33
3490	summit	4.33
3491	slam	4.33
3492	collaboration	4.33
3493	steady	4.33
3494	fifty	4.32
3495	feedback	4.32
3496	eve	4.32
3497	bust	4.32
3498	headline	4.32
3499	cock	4.32
3500	anne	4.32
3501	grain	4.32
3502	diversity	4.32
3503	pat	4.32
3504	menu	4.32
3505	lap	4.32
3506	underground	4.32
3507	goodbye	4.32
3508	ukraine	4.32
3509	substitute	4.32
3510	detective	4.32
3511	ads	4.32
3512	aggressive	4.32
3513	apparent	4.32
3514	courage	4.32
3515	del	4.32
3516	desperate	4.32
3517	ian	4.32
3518	il	4.32
3519	justin	4.32
3520	legislative	4.32
3521	ongoing	4.32
3522	painful	4.32
3523	sufficient	4.32
3524	versus	4.32
3525	virtual	4.32
3526	invent	4.32
3527	interpretation	4.32
3528	nightmare	4.32
3529	palm	4.32
3530	attraction	4.32
3531	anticipate	4.32
3532	arsenal	4.32
3533	nominate	4.32
3534	plug	4.32
3535	abortion	4.32
3536	frequent	4.32
3537	dawn	4.32
3538	hammer	4.32
3539	specify	4.32
3540	controversy	4.32
3541	jazz	4.32
3542	dvd	4.32
3543	assumption	4.32
3544	pub	4.31
3545	stack	4.31
3546	leaf	4.31
3547	burden	4.31
3548	ali	4.31
3549	metre	4.31
3550	lincoln	4.31
3551	hamilton	4.31
3552	beef	4.31
3553	footage	4.31
3554	discrimination	4.31
3555	socialist	4.31
3556	installation	4.31
3557	shine	4.31
3558	midnight	4.31
3559	preference	4.31
3560	slot	4.31
3561	psychology	4.31
3562	burst	4.31
3563	lawrence	4.31
3564	laptop	4.31
3565	stability	4.31
3566	vietnam	4.31
3567	jonathan	4.31
3568	noble	4.31
3569	amongst	4.31
3570	biological	4.31
3571	indiana	4.31
3572	jon	4.31
3573	literary	4.31
3574	massachusetts	4.31
3575	minnesota	4.31
3576	sean	4.31
3577	unlikely	4.31
3578	spark	4.31
3579	collective	4.31
3580	quest	4.31
3581	dot	4.31
3582	rider	4.31
3583	sandwich	4.31
3584	opera	4.31
3585	globe	4.30
3586	spare	4.30
3587	architect	4.30
3588	bloody	4.30
3589	involvement	4.30
3590	clay	4.30
3591	spectrum	4.30
3592	graham	4.30
3593	rub	4.30
3594	specialize	4.30
3595	wisdom	4.30
3596	genre	4.30
3597	hillary	4.30
3598	extract	4.30
3599	cooperation	4.30
3600	outlet	4.30
3601	bleed	4.30
3602	intent	4.30
3603	darkness	4.30
3604	hardware	4.30
3605	sweat	4.30
3606	madrid	4.30
3607	oregon	4.30
3608	particle	4.30
3609	echo	4.30
3610	cape	4.30
3611	kentucky	4.30
3612	mi	4.30
3613	partly	4.30
3614	physically	4.30
3615	racial	4.30
3616	sa	4.30
3617	similarly	4.30
3618	talented	4.30
3619	icon	4.30
3620	surgeon	4.30
3621	dependent	4.30
3622	copyright	4.30
3623	perception	4.30
3624	tactic	4.30
3625	isi	4.30
3626	admission	4.30
3627	medication	4.30
3628	protocol	4.30
3629	scholarship	4.30
3630	seize	4.30
3631	prompt	4.30
3632	conversion	4.30
3633	grip	4.30
3634	arrow	4.30
3635	pirate	4.30
3636	bin	4.30
3637	enforce	4.30
3638	worthy	4.30
3639	canal	4.29
3640	dip	4.29
3641	cease	4.29
3642	companion	4.29
3643	mechanic	4.29
3644	tribute	4.29
3645	dam	4.29
3646	brake	4.29
3647	furniture	4.29
3648	guideline	4.29
3649	bass	4.29
3650	dec	4.29
3651	lodge	4.29
3652	forecast	4.29
3653	awkward	4.29
3654	delhi	4.29
3655	distinct	4.29
3656	eligible	4.29
3657	intelligent	4.29
3658	lisa	4.29
3659	mp	4.29
3660	overseas	4.29
3661	reliable	4.29
3662	remarkable	4.29
3663	se	4.29
3664	trophy	4.29
3665	thrill	4.29
3666	reflection	4.29
3667	criticize	4.29
3668	absorb	4.29
3669	bold	4.29
3670	kennedy	4.29
3671	chick	4.29
3672	supplement	4.29
3673	hood	4.29
3674	hike	4.29
3675	emperor	4.29
3676	conspiracy	4.29
3677	strict	4.29
3678	deem	4.29
3679	span	4.29
3680	slice	4.29
3681	tablet	4.29
3682	competitor	4.29
3683	activate	4.29
3684	laser	4.29
3685	egyptian	4.29
3686	ingredient	4.29
3687	pad	4.29
3688	reign	4.29
3689	pie	4.29
3690	revenge	4.28
3691	fade	4.28
3692	heel	4.28
3693	insert	4.28
3694	miracle	4.28
3695	wealthy	4.28
3696	mineral	4.28
3697	motivation	4.28
3698	throne	4.28
3699	patrol	4.28
3700	certify	4.28
3701	oak	4.28
3702	garage	4.28
3703	retreat	4.28
3704	thompson	4.28
3705	gulf	4.28
3706	criterion	4.28
3707	pussy	4.28
3708	boil	4.28
3709	amateur	4.28
3710	pepper	4.28
3711	merchant	4.28
3712	harvest	4.28
3713	whip	4.28
3714	prevention	4.28
3715	monkey	4.28
3716	terror	4.28
3717	cnn	4.28
3718	crucial	4.28
3719	dual	4.28
3720	edinburgh	4.28
3721	experimental	4.28
3722	greece	4.28
3723	larry	4.28
3724	las	4.28
3725	lmao	4.28
3726	malaysia	4.28
3727	moore	4.28
3728	netherlands	4.28
3729	odds	4.28
3730	peaceful	4.28
3731	publicly	4.28
3732	tourism	4.28
3733	turkish	4.28
3734	phenomenon	4.28
3735	suspension	4.28
3736	gamble	4.28
3737	copper	4.28
3738	induce	4.28
3739	quantity	4.28
3740	consultant	4.28
3741	breach	4.28
3742	scout	4.28
3743	jar	4.28
3744	federation	4.28
3745	scope	4.28
3746	ethic	4.28
3747	conviction	4.28
3748	evaluation	4.28
3749	behave	4.28
3750	initiate	4.28
3751	stab	4.28
3752	administrator	4.27
3753	bounce	4.27
3754	classroom	4.27
3755	radiation	4.27
3756	terrify	4.27
3757	helicopter	4.27
3758	cooper	4.27
3759	transformation	4.27
3760	organise	4.27
3761	murray	4.27
3762	interact	4.27
3763	condemn	4.27
3764	maryland	4.27
3765	cleveland	4.27
3766	renew	4.27
3767	acceptable	4.27
3768	chaos	4.27
3769	cm	4.27
3770	earnings	4.27
3771	hilarious	4.27
3772	huh	4.27
3773	oklahoma	4.27
3774	psychological	4.27
3775	tokyo	4.27
3776	wherever	4.27
3777	din	4.27
3778	occupation	4.27
3779	villa	4.27
3780	penny	4.27
3781	bump	4.27
3782	interpret	4.27
3783	sack	4.27
3784	revise	4.27
3785	surrender	4.27
3786	taxi	4.27
3787	invasion	4.27
3788	utilize	4.27
3789	palestinian	4.27
3790	scrap	4.27
3791	kidnap	4.27
3792	departure	4.27
3793	elephant	4.27
3794	baker	4.27
3795	deploy	4.27
3796	wrestle	4.27
3797	mat	4.27
3798	reception	4.27
3799	carpet	4.27
3800	anime	4.27
3801	cinema	4.27
3802	arc	4.26
3803	equality	4.26
3804	yea	4.26
3805	flavor	4.26
3806	accent	4.26
3807	warren	4.26
3808	sooner	4.26
3809	nomination	4.26
3810	euro	4.26
3811	apology	4.26
3812	ted	4.26
3813	earthquake	4.26
3814	jerry	4.26
3815	autumn	4.26
3816	controller	4.26
3817	mercy	4.26
3818	oral	4.26
3819	bud	4.26
3820	lonely	4.26
3821	alabama	4.26
3822	mainstream	4.26
3823	neighbour	4.26
3824	alice	4.26
3825	barry	4.26
3826	cameron	4.26
3827	classical	4.26
3828	eh	4.26
3829	fi	4.26
3830	fiscal	4.26
3831	hd	4.26
3832	homeless	4.26
3833	missouri	4.26
3834	mutual	4.26
3835	nope	4.26
3836	uh	4.26
3837	va	4.26
3838	virtually	4.26
3839	alpha	4.26
3840	corrupt	4.26
3841	brazilian	4.26
3842	khan	4.26
3843	explode	4.26
3844	cod	4.26
3845	rude	4.26
3846	coalition	4.26
3847	lesbian	4.26
3848	notion	4.26
3849	spoil	4.26
3850	liability	4.26
3851	dive	4.26
3852	inspection	4.26
3853	rumor	4.26
3854	neutral	4.26
3855	grandfather	4.26
3856	sketch	4.26
3857	scandal	4.26
3858	proportion	4.26
3859	mama	4.26
3860	divine	4.25
3861	nest	4.25
3862	disagree	4.25
3863	container	4.25
3864	exploit	4.25
3865	ceiling	4.25
3866	stewart	4.25
3867	lazy	4.25
3868	doll	4.25
3869	treasury	4.25
3870	verify	4.25
3871	des	4.25
3872	serial	4.25
3873	stir	4.25
3874	seventh	4.25
3875	prediction	4.25
3876	oxygen	4.25
3877	racism	4.25
3878	marshall	4.25
3879	cowboy	4.25
3880	brooklyn	4.25
3881	tan	4.25
3882	ac	4.25
3883	considerable	4.25
3884	conventional	4.25
3885	danny	4.25
3886	enormous	4.25
3887	indonesia	4.25
3888	li	4.25
3889	nevertheless	4.25
3890	rating	4.25
3891	roy	4.25
3892	ye	4.25
3893	slap	4.25
3894	pledge	4.25
3895	prohibit	4.25
3896	douglas	4.25
3897	syndrome	4.25
3898	dancer	4.25
3899	entrepreneur	4.25
3900	parade	4.25
3901	confront	4.25
3902	rod	4.25
3903	abc	4.25
3904	imagination	4.25
3905	cartoon	4.25
3906	authorize	4.25
3907	myth	4.25
3908	nod	4.25
3909	analyst	4.25
3910	podcast	4.25
3911	albert	4.25
3912	rebuild	4.24
3913	backup	4.24
3914	excess	4.24
3915	compel	4.24
3916	demonstration	4.24
3917	mitchell	4.24
3918	admire	4.24
3919	nelson	4.24
3920	disc	4.24
3921	accuracy	4.24
3922	cage	4.24
3923	usage	4.24
3924	ion	4.24
3925	rubber	4.24
3926	animation	4.24
3927	casino	4.24
3928	terry	4.24
3929	pearl	4.24
3930	dirt	4.24
3931	poland	4.24
3932	harvard	4.24
3933	valve	4.24
3934	artificial	4.24
3935	beneath	4.24
3936	bitcoin	4.24
3937	carl	4.24
3938	consistently	4.24
3939	diverse	4.24
3940	er	4.24
3941	exclusively	4.24
3942	formerly	4.24
3943	functional	4.24
3944	jealous	4.24
3945	laura	4.24
3946	municipal	4.24
3947	naval	4.24
3948	popularity	4.24
3949	sacred	4.24
3950	steven	4.24
3951	susan	4.24
3952	terrorism	4.24
3953	toxic	4.24
3954	facilitate	4.24
3955	premise	4.24
3956	pronounce	4.24
3957	forbid	4.24
3958	infect	4.24
3959	commentary	4.24
3960	merit	4.24
3961	alternate	4.24
3962	bolt	4.24
3963	whale	4.24
3964	trainer	4.24
3965	leo	4.24
3966	feminist	4.24
3967	nasty	4.24
3968	await	4.24
3969	relieve	4.24
3970	elder	4.24
3971	inning	4.24
3972	brook	4.24
3973	parker	4.24
3974	completion	4.24
3975	witch	4.24
3976	bronze	4.24
3977	campbell	4.23
3978	banner	4.23
3979	aaron	4.23
3980	cliff	4.23
3981	seller	4.23
3982	fever	4.23
3983	hay	4.23
3984	pioneer	4.23
3985	hawk	4.23
3986	rope	4.23
3987	toss	4.23
3988	corn	4.23
3989	dominant	4.23
3990	dock	4.23
3991	constitute	4.23
3992	cherry	4.23
3993	blend	4.23
3994	denver	4.23
3995	buzz	4.23
3996	burger	4.23
3997	utah	4.23
3998	actively	4.23
3999	afghanistan	4.23
4000	ai	4.23
4001	barcelona	4.23
4002	casual	4.23
4003	controversial	4.23
4004	differently	4.23
4005	dj	4.23
4006	emma	4.23
4007	furthermore	4.23
4008	greg	4.23
4009	instantly	4.23
4010	legendary	4.23
4011	margaret	4.23
4012	mario	4.23
4013	outdoor	4.23
4014	queensland	4.23
4015	regulatory	4.23
4016	setting	4.23
4017	subsequently	4.23
4018	switzerland	4.23
4019	ultra	4.23
4020	unexpected	4.23
4021	anchor	4.23
4022	receiver	4.23
4023	wreck	4.23
4024	forty	4.23
4025	diva	4.23
4026	algorithm	4.23
4027	incentive	4.23
4028	gospel	4.23
4029	lobby	4.23
4030	profession	4.23
4031	submission	4.23
4032	integration	4.23
4033	drown	4.23
4034	cluster	4.23
4035	blanket	4.23
4036	handsome	4.23
4037	loser	4.23
4038	shave	4.23
4039	bitter	4.23
4040	sensor	4.23
4041	punk	4.23
4042	soap	4.22
4043	statue	4.22
4044	emission	4.22
4045	lightning	4.22
4046	deadly	4.22
4047	exploration	4.22
4048	legitimate	4.22
4049	spur	4.22
4050	bobby	4.22
4051	escort	4.22
4052	clever	4.22
4053	compute	4.22
4054	argentina	4.22
4055	oliver	4.22
4056	chop	4.22
4057	pleasant	4.22
4058	christopher	4.22
4059	perry	4.22
4060	classification	4.22
4061	charlotte	4.22
4062	unity	4.22
4063	batman	4.22
4064	gop	4.22
4065	ron	4.22
4066	defendant	4.22
4067	biology	4.22
4068	baltimore	4.22
4069	flesh	4.22
4070	accidentally	4.22
4071	affordable	4.22
4072	briefly	4.22
4073	com	4.22
4074	custody	4.22
4075	evans	4.22
4076	ho	4.22
4077	integrity	4.22
4078	magical	4.22
4079	productive	4.22
4080	safely	4.22
4081	thailand	4.22
4082	ugh	4.22
4083	unemployment	4.22
4084	useless	4.22
4085	wtf	4.22
4086	lamp	4.22
4087	radar	4.22
4088	spill	4.22
4089	diagnose	4.22
4090	jurisdiction	4.22
4091	transit	4.22
4092	lawsuit	4.22
4093	samuel	4.22
4094	cole	4.22
4095	robinson	4.22
4096	unlock	4.22
4097	grid	4.22
4098	wallet	4.22
4099	teammate	4.22
4100	drone	4.22
4101	chuck	4.22
4102	imperial	4.22
4103	visa	4.22
4104	portfolio	4.22
4105	revolutionary	4.22
4106	helen	4.21
4107	hurricane	4.21
4108	diary	4.21
4109	sanction	4.21
4110	invitation	4.21
4111	gut	4.21
4112	mixture	4.21
4113	equation	4.21
4114	limitation	4.21
4115	discharge	4.21
4116	ukrainian	4.21
4117	glove	4.21
4118	ballot	4.21
4119	scare	4.21
4120	flaw	4.21
4121	franklin	4.21
4122	humble	4.21
4123	console	4.21
4124	phoenix	4.21
4125	gravity	4.21
4126	blank	4.21
4127	cia	4.21
4128	harbor	4.21
4129	nasa	4.21
4130	legislature	4.21
4131	premiere	4.21
4132	tier	4.21
4133	nonsense	4.21
4134	insect	4.21
4135	implication	4.21
4136	continuous	4.21
4137	correctly	4.21
4138	du	4.21
4139	ep	4.21
4140	fifa	4.21
4141	fred	4.21
4142	gradually	4.21
4143	hawaii	4.21
4144	identical	4.21
4145	jose	4.21
4146	legally	4.21
4147	ontario	4.21
4148	operational	4.21
4149	orleans	4.21
4150	repeatedly	4.21
4151	slavery	4.21
4152	swedish	4.21
4153	swiss	4.21
4154	tennessee	4.21
4155	vulnerable	4.21
4156	orient	4.21
4157	testimony	4.21
4158	testify	4.21
4159	salad	4.21
4160	grocery	4.21
4161	eighth	4.21
4162	beta	4.21
4163	abstract	4.21
4164	awake	4.21
4165	interface	4.21
4166	overlook	4.21
4167	victor	4.21
4168	audit	4.21
4169	assemble	4.21
4170	aunt	4.21
4171	bulk	4.21
4172	mandate	4.21
4173	destiny	4.21
4174	opt	4.21
4175	sneak	4.21
4176	couch	4.21
4177	distract	4.21
4178	cargo	4.21
4179	greet	4.21
4180	underlie	4.21
4181	endure	4.21
4182	iranian	4.21
4183	wright	4.20
4184	rabbit	4.20
4185	cheek	4.20
4186	marvel	4.20
4187	hurry	4.20
4188	stain	4.20
4189	census	4.20
4190	resemble	4.20
4191	cabin	4.20
4192	loyalty	4.20
4193	snack	4.20
4194	bargain	4.20
4195	yoga	4.20
4196	basement	4.20
4197	puzzle	4.20
4198	beard	4.20
4199	steer	4.20
4200	offend	4.20
4201	tender	4.20
4202	pollution	4.20
4203	rig	4.20
4204	earl	4.20
4205	marijuana	4.20
4206	humor	4.20
4207	jerusalem	4.20
4208	haunt	4.20
4209	ace	4.20
4210	additionally	4.20
4211	amy	4.20
4212	barbara	4.20
4213	chronic	4.20
4214	diagnosis	4.20
4215	fa	4.20
4216	generous	4.20
4217	hr	4.20
4218	loyal	4.20
4219	md	4.20
4220	mentally	4.20
4221	painting	4.20
4222	patience	4.20
4223	precisely	4.20
4224	solely	4.20
4225	th	4.20
4226	wireless	4.20
4227	fiber	4.20
4228	starter	4.20
4229	sheriff	4.20
4230	transmit	4.20
4231	fabric	4.20
4232	turner	4.20
4233	depart	4.20
4234	shooter	4.20
4235	gentle	4.20
4236	shin	4.20
4237	par	4.20
4238	vaccine	4.20
4239	tragedy	4.20
4240	liver	4.20
4241	illustration	4.20
4242	widow	4.20
4243	warehouse	4.20
4244	goat	4.20
4245	confusion	4.20
4246	bare	4.20
4247	swallow	4.20
4248	ridge	4.20
4249	marathon	4.20
4250	emphasis	4.19
4251	sheep	4.19
4252	timeline	4.19
4253	advisory	4.19
4254	stair	4.19
4255	portray	4.19
4256	soup	4.19
4257	administer	4.19
4258	tobacco	4.19
4259	deadline	4.19
4260	suburb	4.19
4261	roast	4.19
4262	arch	4.19
4263	excitement	4.19
4264	lower	4.19
4265	thumb	4.19
4266	stanley	4.19
4267	infant	4.19
4268	reinforce	4.19
4269	tent	4.19
4270	disclose	4.19
4271	bacteria	4.19
4272	sandy	4.19
4273	christianity	4.19
4274	alaska	4.19
4275	identification	4.19
4276	explosive	4.19
4277	anytime	4.19
4278	beside	4.19
4279	coastal	4.19
4280	congressional	4.19
4281	distant	4.19
4282	electronics	4.19
4283	glasgow	4.19
4284	jennifer	4.19
4285	louisiana	4.19
4286	marie	4.19
4287	mississippi	4.19
4288	netflix	4.19
4289	overnight	4.19
4290	partially	4.19
4291	pr	4.19
4292	practically	4.19
4293	respective	4.19
4294	situated	4.19
4295	sony	4.19
4296	sustainable	4.19
4297	uncomfortable	4.19
4298	widespread	4.19
4299	xbox	4.19
4300	owen	4.19
4301	metro	4.19
4302	reminder	4.19
4303	indication	4.19
4304	harsh	4.19
4305	adoption	4.19
4306	pierce	4.19
4307	inventory	4.19
4308	pursuit	4.19
4309	vintage	4.19
4310	subscribe	4.19
4311	thunder	4.19
4312	rookie	4.19
4313	pine	4.19
4314	emphasize	4.19
4315	babe	4.19
4316	attendance	4.19
4317	recipient	4.19
4318	depict	4.19
4319	continent	4.18
4320	delegate	4.18
4321	sibling	4.18
4322	watson	4.18
4323	artwork	4.18
4324	keyboard	4.18
4325	comply	4.18
4326	thai	4.18
4327	pulse	4.18
4328	indie	4.18
4329	grammar	4.18
4330	closure	4.18
4331	hybrid	4.18
4332	rental	4.18
4333	bit	4.18
4334	addict	4.18
4335	graph	4.18
4336	metropolitan	4.18
4337	swell	4.18
4338	password	4.18
4339	inter	4.18
4340	lad	4.18
4341	allegation	4.18
4342	syrian	4.18
4343	shy	4.18
4344	qualification	4.18
4345	significance	4.18
4346	fig	4.18
4347	portland	4.18
4348	zoo	4.18
4349	ritual	4.18
4350	garbage	4.18
4351	accessible	4.18
4352	birmingham	4.18
4353	conscious	4.18
4354	consecutive	4.18
4355	craig	4.18
4356	didnt	4.18
4357	endless	4.18
4358	parliamentary	4.18
4359	proceeding	4.18
4360	rs	4.18
4361	sadly	4.18
4362	sc	4.18
4363	structural	4.18
4364	suite	4.18
4365	tbh	4.18
4366	tropical	4.18
4367	unnecessary	4.18
4368	motorcycle	4.18
4369	han	4.18
4370	compliment	4.18
4371	pause	4.18
4372	closet	4.18
4373	donor	4.18
4374	indicator	4.18
4375	reservation	4.18
4376	determination	4.18
4377	tomato	4.18
4378	addiction	4.18
4379	squeeze	4.18
4380	supplier	4.18
4381	sock	4.18
4382	colonial	4.18
4383	glow	4.18
4384	banana	4.18
4385	skate	4.18
4386	parish	4.18
4387	wander	4.18
4388	bucket	4.17
4389	preliminary	4.17
4390	partial	4.17
4391	swift	4.17
4392	array	4.17
4393	hype	4.17
4394	duo	4.17
4395	embassy	4.17
4396	fulfil	4.17
4397	mason	4.17
4398	migration	4.17
4399	clash	4.17
4400	tyler	4.17
4401	probe	4.17
4402	beloved	4.17
4403	compliance	4.17
4404	madison	4.17
4405	contrary	4.17
4406	spike	4.17
4407	fork	4.17
4408	surveillance	4.17
4409	creep	4.17
4410	propaganda	4.17
4411	needle	4.17
4412	trader	4.17
4413	anonymous	4.17
4414	antonio	4.17
4415	artistic	4.17
4416	aviation	4.17
4417	diabetes	4.17
4418	hiv	4.17
4419	idk	4.17
4420	jake	4.17
4421	jamie	4.17
4422	jessica	4.17
4423	keith	4.17
4424	lens	4.17
4425	magnetic	4.17
4426	mysterious	4.17
4427	si	4.17
4428	simultaneously	4.17
4429	unfair	4.17
4430	von	4.17
4431	wa	4.17
4432	orbit	4.17
4433	grandmother	4.17
4434	cam	4.17
4435	skull	4.17
4436	benjamin	4.17
4437	elevate	4.17
4438	presidency	4.17
4439	toll	4.17
4440	foul	4.17
4441	horizon	4.17
4442	rev	4.17
4443	puppy	4.17
4444	acceptance	4.17
4445	costa	4.17
4446	fare	4.17
4447	deficit	4.17
4448	distinction	4.17
4449	hitler	4.16
4450	calorie	4.16
4451	vampire	4.16
4452	zombie	4.16
4453	invention	4.16
4454	streak	4.16
4455	subscription	4.16
4456	scatter	4.16
4457	basket	4.16
4458	satisfaction	4.16
4459	swap	4.16
4460	historian	4.16
4461	maine	4.16
4462	ink	4.16
4463	blake	4.16
4464	olive	4.16
4465	manhattan	4.16
4466	paradise	4.16
4467	lemon	4.16
4468	specification	4.16
4469	whisper	4.16
4470	hub	4.16
4471	compile	4.16
4472	passport	4.16
4473	curriculum	4.16
4474	ham	4.16
4475	rocky	4.16
4476	thou	4.16
4477	dash	4.16
4478	accommodation	4.16
4479	advisor	4.16
4480	confess	4.16
4481	booth	4.16
4482	gentleman	4.16
4483	halloween	4.16
4484	patriot	4.16
4485	haven	4.16
4486	infinite	4.16
4487	sunshine	4.16
4488	buffalo	4.16
4489	vancouver	4.16
4490	endorse	4.16
4491	annually	4.16
4492	der	4.16
4493	gm	4.16
4494	indigenous	4.16
4495	michelle	4.16
4496	moreover	4.16
4497	mps	4.16
4498	neil	4.16
4499	ours	4.16
4500	realistic	4.16
4501	sometime	4.16
4502	strictly	4.16
4503	tommy	4.16
4504	grill	4.16
4505	helmet	4.16
4506	paragraph	4.16
4507	cafe	4.16
4508	collector	4.16
4509	trauma	4.16
4510	mock	4.16
4511	leap	4.16
4512	vertical	4.16
4513	thief	4.16
4514	bundle	4.16
4515	jerk	4.16
4516	bride	4.16
4517	aesthetic	4.16
4518	theft	4.16
4519	accommodate	4.16
4520	investigator	4.16
4521	distress	4.16
4522	taxpayer	4.16
4523	duration	4.16
4524	norman	4.16
4525	intensity	4.16
4526	realm	4.16
4527	interrupt	4.16
4528	declaration	4.15
4529	norm	4.15
4530	sentiment	4.15
4531	expire	4.15
4532	hail	4.15
4533	candle	4.15
4534	tide	4.15
4535	harvey	4.15
4536	morris	4.15
4537	plead	4.15
4538	demo	4.15
4539	adjustment	4.15
4540	instructor	4.15
4541	rachel	4.15
4542	harmony	4.15
4543	bacon	4.15
4544	keen	4.15
4545	pastor	4.15
4546	jungle	4.15
4547	mild	4.15
4548	norway	4.15
4549	cattle	4.15
4550	productivity	4.15
4551	breakdown	4.15
4552	elderly	4.15
4553	neglect	4.15
4554	aka	4.15
4555	belgium	4.15
4556	cc	4.15
4557	collins	4.15
4558	convenient	4.15
4559	jeremy	4.15
4560	lt	4.15
4561	mathematics	4.15
4562	quietly	4.15
4563	southeast	4.15
4564	urgent	4.15
4565	welsh	4.15
4566	vitamin	4.15
4567	headache	4.15
4568	canon	4.15
4569	slope	4.15
4570	reside	4.15
4571	motive	4.15
4572	persuade	4.15
4573	fairy	4.15
4574	rage	4.15
4575	trait	4.15
4576	observer	4.15
4577	accelerate	4.15
4578	os	4.15
4579	rhythm	4.15
4580	separation	4.15
4581	elaborate	4.14
4582	hazard	4.14
4583	retailer	4.14
4584	merge	4.14
4585	editorial	4.14
4586	obsess	4.14
4587	animate	4.14
4588	belly	4.14
4589	chancellor	4.14
4590	badge	4.14
4591	performer	4.14
4592	characterize	4.14
4593	savage	4.14
4594	forge	4.14
4595	withdrawal	4.14
4596	nancy	4.14
4597	basin	4.14
4598	cardinal	4.14
4599	pal	4.14
4600	immune	4.14
4601	fifteen	4.14
4602	inflation	4.14
4603	correction	4.14
4604	kidney	4.14
4605	aboard	4.14
4606	cbs	4.14
4607	eddie	4.14
4608	emily	4.14
4609	ga	4.14
4610	judicial	4.14
4611	kyle	4.14
4612	logical	4.14
4613	meaningful	4.14
4614	northwest	4.14
4615	statistical	4.14
4616	stranger	4.14
4617	teenage	4.14
4618	vincent	4.14
4619	hindu	4.14
4620	skirt	4.14
4621	analyse	4.14
4622	onion	4.14
4623	simpson	4.14
4624	mud	4.14
4625	bail	4.14
4626	monk	4.14
4627	gig	4.14
4628	bomber	4.14
4629	meme	4.14
4630	tenant	4.14
4631	victorian	4.14
4632	tory	4.14
4633	notify	4.14
4634	interfere	4.14
4635	parameter	4.14
4636	cult	4.14
4637	armor	4.14
4638	cough	4.14
4639	mere	4.14
4640	workout	4.14
4641	ref	4.14
4642	nominee	4.14
4643	potter	4.14
4644	drift	4.14
4645	murphy	4.14
4646	pipeline	4.14
4647	stuart	4.14
4648	courtesy	4.14
4649	carve	4.13
4650	sergeant	4.13
4651	tempt	4.13
4652	halt	4.13
4653	jaw	4.13
4654	trim	4.13
4655	vet	4.13
4656	offence	4.13
4657	consciousness	4.13
4658	rotation	4.13
4659	migrant	4.13
4660	homework	4.13
4661	putin	4.13
4662	availability	4.13
4663	celtic	4.13
4664	invade	4.13
4665	cuba	4.13
4666	sterling	4.13
4667	sleeve	4.13
4668	ore	4.13
4669	guilt	4.13
4670	prof	4.13
4671	tumor	4.13
4672	silk	4.13
4673	delta	4.13
4674	scroll	4.13
4675	accordance	4.13
4676	alike	4.13
4677	applicable	4.13
4678	aw	4.13
4679	ba	4.13
4680	fascinating	4.13
4681	flexible	4.13
4682	gentlemen	4.13
4683	goodness	4.13
4684	hp	4.13
4685	iconic	4.13
4686	kenya	4.13
4687	mandatory	4.13
4688	mt	4.13
4689	nathan	4.13
4690	pittsburgh	4.13
4691	precise	4.13
4692	protective	4.13
4693	reportedly	4.13
4694	sexually	4.13
4695	skilled	4.13
4696	um	4.13
4697	cruel	4.13
4698	restoration	4.13
4699	roster	4.13
4700	remedy	4.13
4701	bankruptcy	4.13
4702	tab	4.13
4703	spice	4.13
4704	decorate	4.13
4705	layout	4.13
4706	summon	4.13
4707	butterfly	4.13
4708	descend	4.13
4709	turtle	4.13
4710	trunk	4.13
4711	sigh	4.13
4712	pale	4.13
4713	builder	4.13
4714	stag	4.13
4715	grandma	4.13
4716	refresh	4.13
4717	vacuum	4.13
4718	keeper	4.13
4719	liar	4.13
4720	guinea	4.13
4721	unfortunate	4.13
4722	deer	4.12
4723	mentor	4.12
4724	generic	4.12
4725	mighty	4.12
4726	haul	4.12
4727	subscriber	4.12
4728	brad	4.12
4729	matrix	4.12
4730	rainbow	4.12
4731	handful	4.12
4732	spit	4.12
4733	appreciation	4.12
4734	towel	4.12
4735	cannon	4.12
4736	choke	4.12
4737	eleven	4.12
4738	prosecution	4.12
4739	stall	4.12
4740	caribbean	4.12
4741	bloom	4.12
4742	receipt	4.12
4743	fossil	4.12
4744	balloon	4.12
4745	originate	4.12
4746	easter	4.12
4747	jewelry	4.12
4748	cart	4.12
4749	richmond	4.12
4750	adjacent	4.12
4751	arabia	4.12
4752	athletic	4.12
4753	beijing	4.12
4754	electoral	4.12
4755	excessive	4.12
4756	ios	4.12
4757	journalism	4.12
4758	juan	4.12
4759	julia	4.12
4760	linear	4.12
4761	mg	4.12
4762	occasional	4.12
4763	pete	4.12
4764	samsung	4.12
4765	sri	4.12
4766	xi	4.12
4767	accessory	4.12
4768	collar	4.12
4769	uncertainty	4.12
4770	calculation	4.12
4771	economist	4.12
4772	cemetery	4.12
4773	setup	4.12
4774	berry	4.12
4775	overview	4.12
4776	injection	4.12
4777	applicant	4.12
4778	generator	4.12
4779	prosecutor	4.12
4780	warner	4.12
4781	gem	4.12
4782	troll	4.12
4783	rag	4.12
4784	conquer	4.12
4785	facial	4.12
4786	rotate	4.11
4787	darling	4.11
4788	firearm	4.11
4789	tit	4.11
4790	prophet	4.11
4791	tendency	4.11
4792	molecule	4.11
4793	shareholder	4.11
4794	surf	4.11
4795	catherine	4.11
4796	derby	4.11
4797	coke	4.11
4798	fin	4.11
4799	est	4.11
4800	noon	4.11
4801	nigerian	4.11
4802	consultation	4.11
4803	touchdown	4.11
4804	dental	4.11
4805	preach	4.11
4806	inn	4.11
4807	notification	4.11
4808	refund	4.11
4809	ashley	4.11
4810	cognitive	4.11
4811	connecticut	4.11
4812	ct	4.11
4813	diplomatic	4.11
4814	eternal	4.11
4815	happily	4.11
4816	hmm	4.11
4817	locally	4.11
4818	minimal	4.11
4819	molecular	4.11
4820	nowadays	4.11
4821	openly	4.11
4822	pathetic	4.11
4823	rd	4.11
4824	selfish	4.11
4825	thy	4.11
4826	oven	4.11
4827	devastate	4.11
4828	prop	4.11
4829	hunger	4.11
4830	bout	4.11
4831	thesis	4.11
4832	monument	4.11
4833	titan	4.11
4834	blogger	4.11
4835	obstacle	4.11
4836	placement	4.11
4837	mob	4.11
4838	reed	4.11
4839	manuscript	4.11
4840	strand	4.11
4841	module	4.11
4842	rack	4.11
4843	revelation	4.11
4844	inherit	4.11
4845	wrist	4.11
4846	holland	4.11
4847	tick	4.11
4848	prescribe	4.10
4849	terminate	4.10
4850	clarify	4.10
4851	ideology	4.10
4852	dissolve	4.10
4853	assert	4.10
4854	prescription	4.10
4855	adviser	4.10
4856	disk	4.10
4857	citizenship	4.10
4858	printer	4.10
4859	wizard	4.10
4860	ferry	4.10
4861	amend	4.10
4862	marker	4.10
4863	ambulance	4.10
4864	cylinder	4.10
4865	vector	4.10
4866	diameter	4.10
4867	ancestor	4.10
4868	habitat	4.10
4869	adaptation	4.10
4870	supervisor	4.10
4871	tin	4.10
4872	faithful	4.10
4873	gesture	4.10
4874	dairy	4.10
4875	commodity	4.10
4876	gauge	4.10
4877	laughter	4.10
4878	commence	4.10
4879	portugal	4.10
4880	consensus	4.10
4881	nutrition	4.10
4882	starve	4.10
4883	bicycle	4.10
4884	brutal	4.10
4885	dennis	4.10
4886	fatal	4.10
4887	genuinely	4.10
4888	innovative	4.10
4889	ipad	4.10
4890	les	4.10
4891	monetary	4.10
4892	outta	4.10
4893	poorly	4.10
4894	purely	4.10
4895	ralph	4.10
4896	seemingly	4.10
4897	severely	4.10
4898	southwest	4.10
4899	ss	4.10
4900	technically	4.10
4901	unlimited	4.10
4902	nickname	4.10
4903	casualty	4.10
4904	doom	4.10
4905	dakota	4.10
4906	retrieve	4.10
4907	cottage	4.10
4908	advertisement	4.10
4909	clause	4.10
4910	civilization	4.10
4911	steep	4.10
4912	workplace	4.10
4913	brew	4.10
4914	ladder	4.10
4915	crawl	4.10
4916	modification	4.10
4917	ankle	4.10
4918	ambition	4.10
4919	yankee	4.10
4920	ant	4.10
4921	feather	4.10
4922	slim	4.10
4923	pee	4.10
4924	hull	4.10
4925	confirmation	4.10
4926	massage	4.10
4927	dislike	4.10
4928	fragment	4.10
4929	hobby	4.09
4930	pond	4.09
4931	dub	4.09
4932	grasp	4.09
4933	karen	4.09
4934	suspicion	4.09
4935	fracture	4.09
4936	subtle	4.09
4937	sculpture	4.09
4938	butler	4.09
4939	lamb	4.09
4940	align	4.09
4941	compact	4.09
4942	complexity	4.09
4943	decoration	4.09
4944	gram	4.09
4945	hormone	4.09
4946	rapper	4.09
4947	todd	4.09
4948	dodge	4.09
4949	strap	4.09
4950	inhabitant	4.09
4951	miner	4.09
4952	pillow	4.09
4953	hostage	4.09
4954	anxious	4.09
4955	carlos	4.09
4956	colin	4.09
4957	fl	4.09
4958	fr	4.09
4959	governance	4.09
4960	importantly	4.09
4961	indoor	4.09
4962	influential	4.09
4963	invisible	4.09
4964	julie	4.09
4965	lucas	4.09
4966	marcus	4.09
4967	passionate	4.09
4968	rogers	4.09
4969	surprisingly	4.09
4970	suspicious	4.09
4971	thoroughly	4.09
4972	vi	4.09
4973	wi	4.09
4974	wont	4.09
4975	cord	4.09
4976	convey	4.09
4977	dolphin	4.09
4978	vibe	4.09
4979	spouse	4.09
4980	stance	4.09
4981	clerk	4.09
4982	ditch	4.09
4983	comedian	4.09
4984	dial	4.09
4985	manipulate	4.09
4986	intimate	4.09
4987	lick	4.09
4988	stoke	4.09
4989	notable	4.09
4990	penis	4.09
4991	clown	4.09
4992	successor	4.09
4993	worm	4.08
4994	phd	4.08
4995	clan	4.08
4996	configuration	4.08
4997	provincial	4.08
4998	plea	4.08
4999	painter	4.08
5000	grief	4.08
